    han wo end tk frnd rhengi may be coz kuch b ho wo ek dusre ka sth ni chordti,1,0,0,0,0
" haha ek or problem
meri class mai larkiyaan nahi hain thori bhejdo:p",1,1,1,0,1
" kuchh log ek roz jo bichad jate hain
woh hazaron ke aane se milte nahin.  ",2,0,1,0,0
" india ke sabse bade super stars apna ego bhula ke ek dusre ke gale mil rahe hai..
#to humari akkad kiss baat ki??
#srkianssalâ€¦",1,0,0,0,0
 bhaiya life m koi saat dene vala nhi h isiliye ek umid s apko bolta hu.shayed kapil bhaiya life m thoda saat dede plz help me,2,0,0,0,1
"  
hahaha haan koi pagal hi hoga jo kare ga.",1,0,0,0,1
" aankhon ko bhi le dooba ye dil ka
pagal-pan... aate jaate jo milta hai
tum-sa hi lagta hai...  ",1,0,0,0,0
"  
jin larkiyon ko yaqeen ho jaye k unhein ik ka rishta nai mil sakta woh marvi memon ki tara pagal ho jati hen",2,0,0,0,0
 aaeee pagal hai kiya bhai,2,0,0,0,0
 mazak tha na pagal ok is ok..ğŸ˜‰ğŸ˜‰,1,2,0,0,0
" yaha kiya tu sab pagal ho jange uske peche !
mera hath us pe he aur tumhare liye rub kr raha hon",1,0,0,0,0
 ye sale aap wale to ekdam se pagal hai bhai.photoshop ki dukaan khol hai.kejri haar gya to ye jihad suru kar denge.,2,0,0,0,0
 lol this is what we call #love ;) pagal hai!! :d,1,2,2,0,1
  sabhi mujhy pagal boltay hain :),1,1,1,0,0
 nhi pagal teacher hmare baap ki jga hota hai..but his name is zain osmaan and he is soo cute..and i'm his fav student haha,1,0,0,0,1
kisi ki chahat mein itne pagal na hona. ho sakta hy wo tumhari manzil na ho. us ki muskurahat ko izhar-e-mohabbat... ,1,0,1,0,1
    yeah..all those tweets making me super happy. .proud to be his pagal sonuhâ€¦,1,0,0,0,0
 out hai pagal.. u think he is high wid marijuana :p :d,1,2,2,0,0
 pagal sojahaoo abb :d,1,1,1,0,0
   pagal ho :( she is not of that kind yaar :( and tu reply kyun nahi kar raha mere mentions ko :(,2,0,3,0,0
 kya karun is pagal larki ka mn ğŸ˜„,1,1,0,0,0
  pagal pagal pagal :p,1,1,1,0,0
"hum teri yadon me khoye rahte hai.....

log hme pagal deewana  kahte hai.....

virhan ki agnee me pal pal tapti... ",2,0,1,0,0
" ptawari to pagal hogae honge :d ak to #gujranwalastandswithik uper se #inqilabinbhakkar  :d waoo amazing (: 
#ikandtuqbestcombâ€¦",1,2,2,0,0
 hahaha issi liyay bio aysi rakhi hai .. kay sirf pagal log follow karain xd ,1,0,0,0,1
 pagal soye soye koi tweet krta hai kya !!!,1,0,0,0,0
poo maalaiye - pagal nilavu --irlradio,2,0,0,0,0
" bas itna happy nuff ha, aur  pagal ho jaogi ğŸ˜‚",1,1,0,0,0
      ma pagal ho jaungi..:-p.come to personal chat..will explain u,1,1,1,0,0
"  

yes he is.
but shar n zar ka gulaam nai.

btw all khans are pagal ;-)",1,1,1,0,0
 oh thankyou for the translation -.- but no thankyou as well cos mene waja puchi pagal :p,1,1,1,0,0
  yeah..all those tweets making me super happy. .proud to be his pagal sonuholic :d,1,1,1,0,0
 as for staying the way i am...hum toh bachpan se hi aise hai lmao thora pagal thora samaghdaar ^wink,1,0,0,0,0
"main pagal us k pichay 
vo pagal kisi or k pichay
sary pagal agy pichy
#achasorry",1,0,0,0,0
 hahaha pagal ho tum ab yakeen hgya mjhe ğŸ˜„,1,1,0,0,1
  taklla pagal hogeya hai sabse cheep game play krrha hai ye ali kulli patanai ye bbfans ko pasand ha unbelievable,2,0,0,0,0
 hahahahah sab pagal ho chuke.. n credit goes to sarah the great ğŸ˜‚ğŸ˜‚ğŸ˜‚ğŸ˜‚,1,4,0,0,1
 hahah pagal just asking ğŸ˜„ tmara wait kyun krnga ? ğŸ˜†,1,2,0,0,1
"  mujy bhe arz aya aik..

nam tu janoon main bhool giya hoon tera ..
ab tu rehta hai honto pr bs , dharna dharna.... ğŸ˜’
pagal ho gya",2,0,1,0,0
hahahahah sab pagal ho chuke.. n credit goes to sarah the great ğŸ˜‚ğŸ˜‚ğŸ˜‚ğŸ˜‚,1,4,0,0,1
   main nay to itna insist kiya ha follow he nai krty han:-(bus aik hm han k in k liey pagal han t_t,2,0,1,0,0
   your welcome pagal ğŸ˜‚ğŸ˜‚ğŸ˜‚,1,3,0,0,0
 ğŸ˜‚ pagal....abey ganey sun ri thi..,1,1,0,0,0
"agar pakistani politicians ka psychoanalysis kerwaya jae tu 98% 100% pagal niklain ge, balke khatarnak pagal",2,0,0,0,0
  your welcome pagal ğŸ˜‚ğŸ˜‚ğŸ˜‚,1,3,0,0,0
   hahahahahhahahahahahhahahah damn it's the only sohii the great pagal ğŸ˜‚ğŸ˜‚ğŸ˜‚,1,3,0,0,1
 lo g...pta tha mujhey....sir plzzz apni is pagal fan ko bhi reply kar dein ,1,0,0,0,0
 yeah... pagal kar dia :|,2,0,0,0,0
"  haa...bata pagal 

#wewantharshikaback â™¥â™¥ 

btw..im still kinda upset :(...bt ok bata",2,2,1,0,0
"chalo i am going to sleep now, half of the people wondering with whom we are talking pagal samajh rahe hain hahahahağŸ˜ takecare pheebs ğŸ˜‰",1,2,0,0,1
" hahahahaha lol i wasn't lying at all ğŸ˜
&amp; thanks pagal soso ğŸ˜ğŸ˜œğŸ˜‚ğŸ˜‚ğŸ˜‚",1,6,0,0,2
bc sub united fan fb aur whatsapp per message ker ker k pagal ho rahay hain.  why?,2,0,0,0,0
 hum yahi kehte hain k is aadmi ki baatoon per na jao. #gonawazgo ,2,0,1,0,0
"
  dil behlany k liye guftugu krte hain loog hum se,,

maloom to mujhy bhi hai k hum kisi ko achay nahi lagte.",2,0,0,0,0
"*.""hum nazuk buhat hain pani 'k' bulbulay ki tarha,,,!!!

  &lt;&lt;&lt;dost&gt;&gt;&gt;

*.""zara sa thukra0 gy t0 dh0ndty reh ja0 gy,,,!!!",2,0,0,0,0
".bataoo naa iss gustakhii ki saza kiya hoo gi..... ?

.agar hum kah de key hum tum pe marty hain,,,,
ahad &amp; 7284",1,0,0,0,0
har baar hum hi jeetenge  #mum #letsfootball ,1,0,0,0,0
"ya to hum musalman gaddar he,ya dushman musalmani ka niqab phenke humse gaddari kare he.kon he ye log ju pakistan tabah krne per  tolee howe",2,0,0,0,0
" unse keh do itne anmol to nahi magar
hamari qadar kar le
shayad hamare baad koi hum jaisa use yaad
karne wala na mile. â€¦",2,0,0,0,0
" jo bolna hai bolo, humnay deekha aur hum iman layee
#internationalprideik 
#wearewithhaq
#iwantalifeinwhich such ki kadar ho",1,0,0,0,0
  ap pyar se bulao hum kal hi hazir ho jatay hen :-p,1,0,0,0,0
  lol woh to hum dekh he rhen hain..... or kya kya dikhana baqi hai abhi? aik baar he dikha do na sb kuch :p,1,1,1,0,1
" haan. matlab humara mutual na ho. ğŸ˜ğŸ˜ƒ hum usko bolengy k hum uskey dur k cousins hen, us se puchengy k tm kahan gyb hogaey thayğŸ˜ƒ",1,3,0,0,0
 hum larkoon ke waja se maili larkiyaan twitter celeb bani hue hain.,2,0,0,0,0
" hum samajh sakty hain yeh dard , jo ji ne dedia hai pti aur pmln walon ko -_-",2,0,1,0,0
 hum can i come lick hier cum ..,1,0,0,0,0
 #srkianssalmaniacstogether hello to all srk fans there .... agr dosti ka haat badaya h to hum bhi piche nae hatenge...,1,0,0,0,0
"jo bolna hai bolo, humnay deekha aur hum iman layee
#internationalprideik 
#wearewithhaq
#iwantalifeinwhich such ki kadar ho",1,0,0,0,0
  pta nae dono me se kon bechara hy :p,1,1,1,0,0
  aap dono ko good night. have a wonderful time. cheers. :),1,1,1,0,0
"don't underestimate 2 things

1) speed breaker
2) heartbreaker 

cause! dono he bohat nuqsaan daitai hain",2,0,0,0,0
 aaj wo sbse jyaa khus honge jinke favrt dono hai...... dhinka chika....lungi dance  #srkianssalmaniacstogether http://t.coâ€¦,1,0,1,0,0
    hai wo dono end tk friend rahay tou a cha hai,1,0,0,0,0
" #srkianssalmaniacstogether
salmaniacs - gud news
srkians - gud news
akkians - hum to jaante the bhut pehle se dono mile hâ€¦",1,0,0,0,0
    dono mazzay lay rehay hain,1,0,0,0,0
"a chand ki kirno jaoo naa tum ussko chu kar aaoo.... 

wo kab kiya kiya karta 
hai.... 
wo jaghta hai 
yaa sotaa... ",1,0,1,0,0
" #tumsayachakaunhai~4
tum aaoge to phoolon ki barsaat karenge.!
mausam ke fariston se meri baat hogai hai.! â€¦",1,0,1,0,0
 aj tum cha gye. ğŸ˜„,1,1,0,0,0
"*.""tabbasum cheen kar mera, na jany kya mila us ko,,,!?!
-
-
*.""mujhe wo khud hi kehta tha, tum hansty achy lagty ho,,,!!!",2,0,0,0,0
 itna acha nam he tumhara kha makha kia kar dia tum ne  mariyum ko meii yamm bana dia koi tuk hi nahi banta..ğŸ˜œğŸ˜›,1,2,0,0,0
" uth-uth ke kisi ka intzaar kar
ke dekhna.........
kabhi tum kisi se pyar kar
ke dekhna..........",1,0,0,0,0
  mujh masoom ko maro ge tumğŸ˜­ğŸ˜­ğŸ˜­ğŸ˜­ğŸ˜­,2,0,5,0,0
" tum apni tanhayi mere naam kar do
aisi nigah se dekho k shaam kardo.  ",1,0,0,0,0
  musharaf wohi he jiske joote chat k tum dum daba k jeddah bhage the.ap kom k ghadar ho jo still against army ho,2,0,0,0,0
"  ""is desh ka to bhagwan hi malik hai"". unlike popular belief,bjp will screw us more financially.future looks dark",2,0,0,0,0
 aise hi like kaam achhe karunga. kisi ka bura nahi karunga sabki help karunga. zarurat kya h bhagwan ki,1,0,0,0,0
"beyonce ka pichwada and deepika ka agwada.
allah ke naam pe de de bhagwan.",2,0,0,0,0
   aayegi baba aayegi... aapki tamana aayegi.. bhagwan aapki yeh tamana ek din jarur puri karega,1,0,0,0,0
  hmmmm bhagwan har bande ki tamanna puri karta hai ğŸ˜‚,1,1,0,0,0
 badhaiya bhagwan nav dampati ko aashish or sukh de,1,0,0,0,0
  bhagwan fellaini aapko padhne ki shakti aur taaqat de. #jaifellaini,1,0,0,0,0
mere liye mere desh se bada koi religion nahi. desh hi mera bhagwan desh hi mera religion.,1,0,0,0,0
"jo mn pveetur he, wo mn mndr he.

us mn ke bheetr bhagwan biraaj'maan hota he.
aesy mn ko poojna chaahye.

#gyanchand &amp;shaka
khipro",1,0,0,0,0
 aagar aap mujhe just 'aashirwad' kahinge toh mera life main bhagwan ka aashirwad milega pls uncle..,1,0,0,0,1
 bhagwan nhi tuje bane ki duniya ki sabse bade galat kiya h2rs krk,2,0,0,0,0
bhagwan ap bhi na bacche ka jaan lenge kya ??? â€” feeling fed up,2,0,0,0,0
" sab hame marne chahte hey..hey bhagwan,,uthale",2,0,0,0,0
bhai ho to aap ke jaisa bhagwan aap ko lambi umar de,1,0,0,0,0
 meaningless lutyens parties  hey bhagwan! do these bjp leaders still think nonsense like ht submit has any impaâ€¦,2,0,0,0,0
"har saal ki tarah is saal bhi... 
bhagwan ki kripa se 23.11.14 ko bhandara ka aayojan ho raha hai.. 
ap sab sadar... ",1,0,1,0,0
 maine itna saccha tha ki saare bhagwan mere saath aa gaye truth ke saath bhagwan mujhe tujhe truth send kerne ke liye dete,1,0,0,0,0
 bhagwan kare mere yaad-dash chali jaaye :-[,2,0,0,0,0
" waah thank you dost ,bhagwan aise dost sabko de :p",1,1,1,0,0
 mai bhagwan se winti karta hu ki j&amp;k me bjp 44+ hi aaye. hame kafi umide hai aape se.,1,0,0,0,0
 bachhe bhagwan ka rup hote h.ye prove krne k liye hum c.n.w.k. bhi dekh sakte h!!isn't it amazing??,1,0,0,0,0
"pather ko itna mt pujo ki wo bhagwan ban jaye
kisi
ko pyar itna kro ki wo bewfa ban jaye &lt;3",1,0,0,0,0
" behen 200 filter aur effects lagake ""simplicity at its best"" caption rakhti ho. 
bhagwan se toh daro!",1,0,0,0,0
bhagwan ke liye please arsenal se mat haarna .,1,0,0,0,1
 bhagwan apki atma ko shanti de,2,0,0,0,0
   hey bhagwan ek din meri jaan hi jani hai !!,2,0,0,0,0
  bhagwan aapko sadbuddhi de.,1,0,0,0,0
" 
patthar me bhagwan dhoondte hain
kaise naadan hain
sholo'n me hawa dhoondte hain",1,0,0,0,0
 aap desh ke mahan sapoot ho bhagwan har desh ko aap jaisa beta de lekin sir dal badluo ka sath na de app request,1,0,0,0,0
 agr pathar ko bhagwan samjho to patharme b bhagwan mil jatahi/hausle buland rkhnese insan b khudake dargah pr pahuch jata hi.â€¦,1,0,0,0,0
hey bhagwan tune moti ji ke bhakt toe ban diye.. un bhakton ko thoda dimaag bhi de diya hota,2,0,0,0,0
  you know mr. sahil hum #indiawale free me to bhagwan ki hi pooja nhi krte... you are working so hard to getâ€¦,1,0,0,0,0
 'sab ko satmati de bhagwan',1,0,0,0,0
" o palanhare,nirgun aur nyare,tumare bin hamara kaunon nahee,hamaree uljhan suljhao bhagwan, tumare bin hamara kaunon nahee â€¦",1,0,0,0,0
ohh god ye dono break ke baad bhi pakane wale hai bhagwan bachaye hum logo ko #bb8,2,0,0,0,0
"bhagwan ""mata pita"" ko lambi umra dena.....baki to me duniya jeet lunga..",1,0,0,0,0
 par bhagto ke to modi bhagwan hi han,1,0,0,0,0
"nadan h wo log jo aj k daur m wafa ki ummeed krte h, aj k daur m to dua qubool na ho to log bhagwan tk badal dete h...ğŸ˜Š",1,1,0,0,0
low lagale krishna prabhu se mitjayenge saare gham sab ke daata bhagya vidhata bhagwan shri krishna,1,0,0,0,0
 bhagwan kare sp wale barbaad ho jaye unko paani bhi naseeb na ho,2,0,0,0,0
 aur bhagwan ka ans tha....chaat mat chup chap big boss dekhne de....,2,0,0,0,0
    aur unko kahan se kahan ..ulte sulte  aur  galat logon ke beech pahuncha dete hain  . so dont ever trust,2,0,0,0,0
"followers kahan hein? ğŸ˜¢ğŸ˜¢ğŸ˜¢ 
itni unlucky hun me. ğŸ˜£",2,0,4,0,0
" kahan kainaat aur kahan ye 2 takkey ke chand so called ""mullah"" na deen ke na dunya ke....",2,0,0,0,0
aj lag e nahi raha sunday night hy.. pata nahi kahan hain sab :-/,2,0,0,0,0
 oh waow....pity you :p to hm kahan thay? oh haan white coat :p yaar 5 sec ka kaam hai coat utaarna :p,1,3,3,0,0
  nice one...kahan sey mili yeh pic?,1,0,0,0,0
 apka bachkana tbh hasil krne k leye mjhe kahan moun kala karana parhega  ? =(,2,0,0,0,0
"chudail kahan ha ?

tera bh0ot aa gya :)",1,1,1,0,0
"  kahan gum hy meri behan, koi liftan e nai :(",2,0,1,0,0
axha tu hum kahan pohanchy thy mj ? ğŸ˜’,2,0,1,0,0
kahan gay sab? khel khel k thak gaye ğŸ˜‚,1,1,0,0,0
 imran tax chor ha.jalson aur dharne ka khrcha kahan se ata ha israil se.india se?kpk ka pata ha wahan pti main kon kon qatil ha,2,0,0,0,0
" lolzz ye to bade wla hai... argument against/favour aside, ye bc drugs kahan se aayi beech mejn ğŸ˜‚",1,1,0,0,1
 lol weather ? yahan tw garmi rehti hay kahan ka â¤ :p,1,2,1,0,1
" u r on twitter :-d 
yess wo bi deklein par wo maza kahan",1,1,1,0,0
 you don't know my condition! mai kese aur kahan se aya just coz of match i can't even move aur ;(,2,0,0,0,0
  dudh ka dhula koi nahi hoga sab porn dekhte hai...but parliament main baithkar dekhne wale morons hote hain,2,0,0,0,0
  hahaha thanks allot yar :) filhal tau 999 hen ab subha tk dekhte hen 1 increase hota ya 4 decrease hote loâ€¦,1,1,1,0,1
 sheik sahb bilawal ko dekhte hi ap ki yad a jati ha..ğŸ˜‚ğŸ˜‚,1,2,0,0,0
"hum toh fanaah ho gaye uskii ankhein dekh kar,

naa jane woh aainaa kaise dekhte honge..",1,0,0,0,0
" chalo cid dekhte hain ..
#thingsnoonesays 
:p",1,1,1,0,0
 hehe. mai pahle bahut deta tha. but ab log tweets dekhte h toh accha ni lagta,1,0,0,0,1
 aur ye jitne football lovers hain sub motay hain :p khaate hain aur t.v football dekhte hain. khail bhi liya kro weight kuâ€¦,1,1,1,0,0
 delhi pe tares me raat ko late kar uper se cross hote plane ko dekhte hue daru pine me jo maza hai wo kahi aur nahi,1,0,0,0,0
"  oh acha dekhte hai na 
apan ne thodi kuch galat bola ğŸ˜œ",1,1,0,0,0
 hahaha aray main waise degrees ki bh baat kr rhi thi :p lol mera mtlb log parhai se ziada ye dekhte hain k konse institute se,1,1,1,0,2
"apne haatho'n se sanwara hai tumhein qudrat ne...
dekh kar dekhte reh jaane ko jee karta hai.",1,0,0,0,0
"  hmmm..
good night apko b..
kal dekhte h kya hoga.",1,0,0,0,0
   kuch to baat hogi aap teeno m warna yunhi hum apke fan na hote or  na dekhte lov u all,1,0,0,0,0
  aik tweet krti hun na.... rt if u wanna marry tuaha sultan... dekhte hain ktne rts atay hain ğŸ˜‚ thek hai tuaha?,1,1,0,0,0
 i love you dada........... you are the real hero...motivational person... tumi poth dekhte jano... dada daaadaaaaaa,1,0,0,0,0
     yaa maine dekhte hi bola ye niti ne good night ke lye post kya tha,1,0,0,0,0
 haan theek thi... annual leaves ghar per movies dekhte guzar rahi hai : (,2,0,0,0,0
sum people are like bubbles.. dekhte hi phodhne ka mann karta hai! ğŸ˜œ,1,1,0,0,0
 rofl!!! tu bas dekhte rahega ya kuch bolega usse..??,1,0,0,0,0
 tou aap nahi dekhte kia jab koi samne ata he tou ankhe band kar dete ho foran..ğŸ˜œ,1,1,0,0,0
 i m gud gud n fever darshau ki pic dekhte hi chala gya,1,0,0,0,0
 hahaahahah o ami g kaun yeh hukmran haramkhor??,1,0,0,0,1
  he himself doesn't see it. lekin bakwaas nahi karega toh dukaan band ho jayegi. kaun ghaas dalega isko?,2,0,0,0,0
 mention not...u hv written it sooo beautifully..ğŸ˜˜ğŸ˜˜ kaun nhi like krega...#beautiful..ğŸ’‘ğŸ’‘ğŸ’‘,1,2,0,3,0
  truly deserving! waise bhi rajnath goenka ke saamne kaun jeet sakta hai :p ,1,1,2,0,0
 yeah sare news channels pe hoga na.. everyone will be saying ishfaat kaun hai??  oska asaal chehra dekhye!! lol  :p,1,1,1,0,1
 isko kaun chodega ? ,2,0,1,0,0
" emo kaun nhi hona chahta paro, par kya kare hasee control nhi hoti, lol",1,0,0,0,1
 treat do ğŸ˜ ğŸ¨ kaun sa bank?,1,1,0,1,0
 kaun gayab ho rha h bc?,2,0,0,0,0
 feeling bad.. specially fr the tingutards.. unlogo ka saath kaun dega abhi.. :'( #srkianssalmaniacstogether,2,0,1,0,0
 hahaha kaun hai ye crush :p,1,1,1,0,1
   bihari desh ka shaan aur sher hai.. reva kaun hai ka bol rahe i don't know. jo bhi ho.. kaâ€¦,1,0,0,0,0
    aise kaun karega?? apne boobs pe lund ragad raand.. ,2,0,1,0,0
  #iss muskrahat  par  kaun mit   jaye ............,1,0,0,0,0
 sharam se doob maro tum tou. iba main kaun single hota hai...,2,0,0,0,0
"sunil pal (ratan noora, kaam karta hoon khatam poora) and navin prabhakar (pehchan kaun?) were good too.",1,0,0,0,0
" seeing fawad khan in this clean shaved look after such a long time.
beard mein dekhne ki aadat hogyi thi ;) stiil he looks â€¦",1,1,1,0,0
 buwahahaha!! aadat se majboor :p,1,1,1,0,1
"ab aadat si ho gayi hai, rona bhi nahi aata..
#arsenal",2,0,0,0,0
"jhut bola nahi hai maine,,,
apni to bas ye aadat hai,,
dosto se khusiya bant leta hu...
   ",1,0,0,0,0
 haha han na waisy larkiyon ki khas aadat hoti hai batain banany ki :p,1,1,1,0,1
" hahaha apani aadat hai sir ji yeh , pvt sales  job mein hun na :p",1,1,1,0,1
 talve chatne ki aadat nahi gayi,2,0,0,0,0
 cigrate pena buri aadat hae :d :pp,1,2,2,0,0
 ye ranveer ki aadat hai backchodi karnee ki :-d,1,1,1,0,0
"  lol maryam nawaz relax tumhe asal mein haraam ka paisa khana ki aadat hogayi hai.
i hope tume hosh aajaye.",2,0,0,0,1
"aadat se majbur hun  crying like hell, just finished #yourdreamsareminenow  ..... kyun itna rulate ho paaji ?",2,0,0,0,0
"  subhan allah,  what a philosophy,  magar corruption ki buri aadat kuch karny nahi deti ....",1,0,0,0,0
 rahul ki bina soche  bolne ki aadat ne  hi congress party ki  ye  halat kar di.,2,0,0,0,0
 bhai shadi ho jane de fir in sab baatoki aadat pad jayegi...lol,1,0,0,0,1
 matlab aahista aahista chut'tey gi yeh aadat,2,0,0,0,0
"bewaqufon ko bewaqoof banane ki aadat hoti hai. 
bewaqoof !! -.-",2,0,0,0,0
 haha khair ho gai apni aadat thori badli ja sakti :p,1,1,1,0,1
 kesa laga khi wapas aakar ? :p garmi tw nhi lg rhi ? :d,1,2,2,0,0
 nahi bhai.  ko to ye bhi nahi maloom hoga ki usake kaun se poorwaj ne lalach main aakar islam kabool kiya.,2,0,0,0,0
 8 ghante ki class se wapas aakar aisa karne me jo maza aata tha wo feeling bayan nahi kar sakta ji,1,0,0,0,0
" kaika nasha?? job kiya mene aaj.. fir aakar sogai.. 7 baje uuthi!
kal fir job! â˜¹",2,0,0,0,0
  chaina  ke bhakave  me aakar aap apni taqat  ko or desh ki janta ko bevkuf  bana rahe ho ?,2,0,0,0,0
"woh kon hai jo aakar, khwabon pe chaa gaya hai ~",1,0,0,0,0
"hahahahhahahahahaa
bjp nae aakar kya kia
wohi raste pae chal padi
modi sarkaar ",1,0,1,0,1
" koi bataye ke jaaye kahan hum , saare raaste unpar aakar hi ab khatam hote hai .........",2,0,0,0,0
   ek kam barunbabu ne bada accha kiya hai humari zindagi mey aakar !hum hamesha jawan hi raheâ€¦,1,0,0,0,0
" no.1 noutanki h ye but bahut funny b h, hunger strike pe nahi h ye, iski chahat h ki koi female ise aakar manaye but aisa nai hoga",1,0,0,0,1
   lol hume nai malum wo aakar chale bhi gaye,1,0,0,0,1
" modiji janhit ke liye paise lutate hai per aapka kya,aap toh garibon ke bich aakar garibon ke hi paise lutate rahe....",2,0,0,0,0
 my friend was cleaning her fish tank all the fishes were in amug ek bandi aakar puchti hai ye dinbhar issi me rehti hai :p,1,1,1,0,0
 kuch youngster job chorke iske bahkaveme aakar ghumte they aajbhi jobless hai,2,0,0,0,0
 mai dubai mai hu yahan aakar or preshan ho geya hu peeche merit biwi bacho ki mushkil hai bhot,2,0,0,0,0
" 
rat ko mere sapno me aana.
tu khuda h bs fir aakar na jana
i love you pitaji
i miss you pitaji",1,0,0,0,0
 bhai ğŸ”” celeb. koi bhi aakar andat lelo bol kar chala jata hai.. ğŸ˜‚ğŸ˜‚,1,2,0,1,0
ji ko jaana h jaao dm mai aakar ye naa batao ki unfollow u bsdk sale ...,2,0,0,0,0
  ab chahe jo bhi ho ye tsunami nahi rukega. tabdeeli aakar rahegi insha allah. #ptijeddahjunoon,1,0,0,0,1
" mehrbaani nahi tumhara pyaar manga hai, tumhein manzoor hai tabhi tuh yaaar manga hai. â¤ğŸ¶",1,1,0,1,0
"khon se likhte likhte tumhara naam achanak

dil ne dam tor diya jab tujhe bewafa likha
new best poetry
follow sirf_n_jani
send to 9900",1,0,0,0,0
 kya dekh k dil roya tumhara khoof k ansu? mera naam peshoo?,2,0,0,0,0
 acha bus theek hai.. but tumhara previous comment null n void ho gya,2,0,0,0,0
 tumhara naam kisi ajnabi ki juban par tha ; baat zara si thi par chubi bahut &lt;;3 ;*,2,0,0,0,0
 uski bur tight he.. tumhara lund se sahi me bari ho sakti he...,2,0,0,0,0
 muje bhi use tumhara bara lund se chod te hue dekhna he...,2,0,0,0,0
 yeah we were thinking the same thinh. tumhara poora faisalabad udhar hi ha :p,1,1,1,0,0
" shukria to mujhe tumhara krna chaahiye ""sukanya"", ki tumhari jaisi achhi shayeri krne wali devi sitara meri dost bni hai :):):)",1,3,3,0,0
had kr di hmne yaad krne ki .....mgr bhul jane ka tumhara hunar bhi laajawab hai ....!!!,2,0,0,0,0
"   arey bas baba...aaj k din b thanks,ye to tumhara haq hai ;) hahaha..tum bahut sweet ho,ye vm tumâ€¦",1,1,1,0,1
"pakistani bachay be like: yar wo mujhe chor k
chali gae mai us se bohot pyar karta tha. :(
kab se relation tha tumhara?
kid: kal raat se '_'",1,0,1,0,0
   i love you too mary aur ye lo tumhara wedding gift https://t.co/ay47fdeclx jo ye villian nhi dekâ€¦,1,0,1,0,0
" asha..tum to bhut sayani kudi ho "" mjhe to sirf aur sirf tumhara num chiye ???",1,0,0,0,0
 babloo tumhara dharna slow hae kia? :) #ik,1,1,1,0,0
" karty hain apna dil, apni jaan , apni mohabbat, tere naam..
meri zindagi ki wasiyyat py ab, haqq hai tumhara..!!",1,0,0,0,0
"kabhi ye bhi keh do k mere bin
adhoore ho.....!!!

tumhara kya bigerta hai??
zrra sa jhoot kehne main ......!!!

#hamiiya...",2,0,0,0,0
 din guzara tha bari mushkil se,2,0,0,0,0
 itna pyaar kisi pe pehli baar aaya hai,1,0,0,0,0
mohabbat barsa de na tu .. saawan aaya hai tere air mere milne ka mausam aaya hai..xx   #arijitsingh ğŸ˜˜ğŸ’˜ğŸ’–ğŸ˜ğŸ˜œğŸ’,1,3,0,3,0
" mohabbbat barsa dena tu, winter aaya xd",1,0,0,0,0
yoon hi mausam ki ada dekh kar yaad aaya ! kis qadar jald badal jaate hain insaan jaanaa.n !! #faraz,2,0,0,0,0
 #wewantharshikaback  ashoka se yaad aaya.. san sanana san ja ja re ja re.. jare pawan.. jah kar joothe maaro ktc ko,2,0,0,0,0
"aaj ke screening mai bada maza aaya! 
howdy gooooners? xd

#mufc",1,0,0,0,0
itna pyaar kisi pe pehli baar aaya hai,1,0,0,0,0
   sharam tum ko pher bhi nahi aaya gi,2,0,0,0,0
" are haan yar fir mujhe bhi dhyan aaya ki ya to sala purana issue hai par fir socha chalne do, ğŸ˜‚",1,1,0,0,0
 akely reh k ghar main hee marr jayein khabees.. class get together pe kiun nhi aaya... ,2,0,0,0,0
 haha mere pass b nhi last time tjhse hi bat hoi thi aur ab online aaya hn,1,0,0,0,1
 #familyantakshri #annukapoor #nauknkishala seen..film sharnsh...tv lene nhi aaya hu mai plz,2,0,0,0,0
 aapne muje block kyu kiya maine aapse kuch galat bola kya aapka behave kuch samaj nahi aaya muje,2,0,0,0,0
 hahaha isko bura sapna aaya hoga koii ğŸ˜‚,1,1,0,0,1
 behaal se upar bhi kabhi aaya kare. not too bad for me.,1,0,0,0,0
 nhe me to jus abhi aaya hon online :),1,1,1,0,0
 jo dec se pahle aaya na us ki gand mai laal mirchi wala danda daal diya jayega sun lo sub,2,0,0,0,0
 bada mazza aaya!! itna hrd wrk k baad v nigs in bttm 2 wohoo hw mch fun if c gets eliminated tmrw n u r der to pick hr.. :)),1,1,1,0,0
".aaj phir raat dhal rahi hai intezar karty karty.... kisi apne ko aaj phir hamara khayal na aaya...""",2,0,0,0,0
 nhi abhi aaya tha cnwk dekhne. ..hahahaha ,1,0,0,0,1
  aaya re aaya re toofan...,2,0,0,0,0
 aaj bahot dinon baad maza aaya :),1,1,1,0,0
" bewafaun ka zikar thaa raat bhar sar-e-mehfil
jhuk gaya mera sarr jab tumhaara naam aaya",2,0,0,0,0
"    agar pata naa ho to beech mein mat aaya kar, im talking in sarcasm.",2,0,0,0,0
"rofl .. that's it.. goin to bed w/a big grin.. saw my fav spoof song, yeh kaisa aaya zamana.. mahmood spoofin the kappors... classic! :d))",1,1,1,0,0
nishi k bday aaya âœ¨âœ¨âœ¨ğŸ˜„ ,1,1,1,3,0
   hahahaha subhangi beta pandit hi pasand aaya ğŸ˜œ,1,1,0,0,1
"aisa hai leader hamara
.
.
.
nawaz shareef to khabi akbhar-jahan l frount page pe bhi nahi aaya. ",2,0,1,0,0
 mujhe heart attack aaya hai going to hospital...kal milta hu...gn...keep tweeting ~ waiting for baby trailer,2,0,0,0,0
"tofani barish me admi pizza hut pe pizza
lene aaya.

waiter: ap married ho ?

admi: allah k bndy khud soch aisay... ",1,0,1,0,0
  lol yaad aaya :p sorry sorry .. kal pakka xd,1,1,1,0,1
 acha .... mujy bra ghusa aaya tha .... tumari #offline tweet dekh k ... -_-,2,0,1,0,0
 modi aaya / modi chaya. friends!  people now recognize your mammoth task you have done in the past 5 months. j&amp;k modified,1,0,0,0,0
"gaana bahut pasand aaya .. waiting for baby
trailer",1,0,0,0,0
 mufti gadhay.. kuttey shaheed ,2,0,1,0,1
 bhai aap kion khujli wale kuttey (imran khan ) ke sath bait gaya walid sahab tu ro ro imran ro keh rahein hon gay,2,0,0,0,0
 wash your mouth with dettol &amp; come sala bjp ka kuttey ke bacha....patshala jao...sanskrit pado aur baap ka bichi chuso sala,2,0,0,0,0
" k= kuttey
kk= kuttey kaminey
ohkk= o! harami kuttey kaminey!",2,0,0,0,0
  bhai ye kuttey nahin suar he,2,0,0,0,0
 sir  k sth aj #sindh mei woh hui hei jo #punjab ki kisi masjid mei kuttey k sth hoti hei  â€¦,2,0,0,0,0
 imran khan k programme mei tu kuttey wale hogaye tumhare lekin bak bak ab b band nahe hy,2,0,0,0,0
jalsa khatam hotay he sare kuttey tv per ajate hain bhonkne,2,0,0,0,0
"dekh pagli 
wajah puche gi to umar nikal jaye gi 
bola na tu achi lgti he mtlb achi lgti he",1,0,0,0,0
" ahaan :p
lets see kab mujhay sir asad umar se milna naseeb ho ğŸ˜Š",1,2,1,0,0
 kya logic hai. abhi sojao. wese bhi you're ill. oh i mean half sick :p,1,1,1,0,0
"socha tha, parh likh k pilot banu ga....... !!!!
charas ka sutta kya lgaya, khud jahaz bangya â€” feeling fantastic",1,0,0,0,0
"haha kya samjhun? :p
  ",1,1,2,0,1
  hahahaha aram aram se acha lagta hai! kal ko koi celebrity follow kar le india ka kya pata ;d,1,0,0,0,1
 lol   kya idea diya hai yar wesy v ajkal zda pokct money ni milti :p,1,1,1,0,1
  toh karte toh hai! par har chiz wapas supernatural par hi chali jati hai! hum kya karien :p,1,1,1,0,0
"  abhi tak gussa ho kya tum donon mujhse? unblock kardo, main ne kya kya hai? batao toh sahi :(",2,0,1,0,0
  lol woh to hum dekh he rhen hain..... or kya kya dikhana baqi hai abhi? aik baar he dikha do na sb kuch :p,1,1,1,0,1
    offff.yeh kya keh dia ali bhai.apki to khair nhi:))),1,1,1,0,0
"history!!jb bhi kisi musalman ne haq ki awaz uthai to apne hi musalman uske khilaf hogye,kya gaddari humare khoon mei likhi gai he?",2,0,0,0,0
 insta pe follow kyun nahi kya abhi tak??? ğŸ˜±ğŸ˜±,2,0,2,0,0
 doormat randi u ko chudne  nai aya toh kya huwa mai ho chal maal kitne ka hai bol be,2,0,0,0,0
" 1000000 salute to whoever started this trend.doose fan base waalo ye dekh k kya haal ho raha hoga,haha
#srkianssalmaniacstâ€¦",1,0,0,0,1
"according to my mom, the fact that i returned home after 2:30 am on saturday means i'm back to normal again !! kya zamana aa gaya hai ! :d",1,1,1,0,0
  lots of luv wo bhi entire year.. kya karre bohat sara pyar hai g k paas khatam hi nahi hota.,1,0,0,0,0
"  https://t.co/lvnqopwq6a kya bolti hai kuchh aisa he dhamaal macha hoga na dj night taj,mumbai mein..!!! eâ€¦",1,0,1,0,0
" khushboo hawaaon main kaise bhare,
kaliyaan hai sharmaati haaye kya kareğŸ’",1,0,0,1,0
"ahmad kya mujjse kpi narazgi  hai ya mujje se koi ghalti hui hai  toh #sorryyyyy 
",2,0,0,0,0
   arey wah... kya baat hai apki.... congratsssssss,1,0,0,0,0
"  
jealous!? hahahahahahaha.
han bas yehi kar sakte ho. mujhe ratta nai lagana doctor ban'na hai!",1,0,0,0,1
oh shit..i think us ne mujhe block kardiya hai :-(,2,0,1,0,0
 bhool to tm khud gaye ho or keh mujhe rahay thay :p fine arts parh rai hun,1,1,1,0,0
 haha apka name dekh k mujhe be khushi hoye :p,1,1,1,0,1
"  meri mom kehti h dil ki baate dil tak pahunch hi jaati h :')
mujhe laga chitthi bhi pahunch jaayegi 
#srkiansâ€¦",1,0,0,0,0
"aj apne 125 fans ko fvrt diya or mujhe nhi :-( 
feeling sad :-( 
",2,0,2,0,0
  mujhe baat kar liya  karo :(,2,0,1,0,0
  lol tareef thy yr.... tum na bss shak he krti raha kro mujhe pe :p,1,1,1,0,1
" 
 mujhe kisi se luv nhi hota..  
but tmhre lyea afsoos howa bichare maile ashiqo ko tum hi miliğŸ˜",1,1,0,0,0
mujhe maaf karna ... :o :'(,2,0,1,0,0
 han han mujhe to pata hai  sahi wali busy rehti ho bat hi nahi hoti tmsy.  #sadlife,2,0,0,0,0
" coffee? eeeh nae mujhe bilkul achi nae lagti, bad aftertaste
temp nae hai sirf cheenkein aur ab flu shuru",2,0,0,0,0
"   nahi woh toh mujhe maja aata hai , sabko tweet kar deta hoon , fir reply nahi deta lol",1,0,0,0,1
    mujhe b is ny 4 bar heart attack diya hai :d,1,1,1,0,0
 yaar mujhe yeh padsnd agayi hai buhoot :(   mujhse baat bhi nhi ker rahi,2,0,1,0,0
"  

tmlogo ko kch kaam nhi h :p mujhe toh vo snap dekh ke hansi aa rahi h :p",1,2,2,0,0
 mujhe abhi bhi yakeen nah heo raha yeh kamini kuch bhi likh deti hai!! attention seeker hai!! ğŸ˜•ğŸ˜• #bb8,2,0,2,0,1
 apko kun laging mujhe poetry nahi aa sakti..mujhe sach bht shoq hay :),1,1,1,0,0
" interested?
i'm a fan. ğŸ˜ƒ
there's a lot of songs but all time favorite is, 'ae dil mujhe bata de'.
#geetadutt ",1,1,0,0,0
  :-p yaar tu mere followers dekhna latest 4 ko pta ni in logo ne mujhe kyu follow kiya hai,1,1,1,0,0
  bhai mujhe baat krni ni aati hai :-p,1,1,1,0,0
   hahaha aesi hindi me lessons lene padenge mujhe :p,1,1,1,0,1
" maloom hai bht hain but mujhe koi tameez ki chaye. 
joo meri amma ko pasand ajaye ;)",1,1,1,0,0
 areey woh kuch bhi bakwas likhti hai jab tak evict nah hogi mujhe belive bah hogi!  gober kamini hai,2,0,0,0,0
 bhai enjoy kese karte hain uske liye bhi to kuch na kuch hona chahiye na mujhe to wo bi ni pata.,1,0,0,0,0
 aur aaj. sadiyon baad. woh din jiska mujhe intezaar tha. besabri se intezaar tha. woh aagaya. gym! mai aagayi ğŸ˜­ğŸ˜â¤ï¸,1,2,1,0,0
 mujhe to neend hi nhi aati raat ko hmmmmğŸ˜”,2,0,1,0,0
" ""mujhe mere baap ki kasam hai agar mujhe pata ho...30th nov ko mujhe goli maar di jaigi, mai phir bhi yahan aonga"" ğŸ’•ğŸ’• httpâ€¦",1,2,0,0,0
 hahahaha abay yaar had ha or aisi baatein kar rahe mujhe laga koi uncle ho tauba ha,1,0,0,0,1
" ahmed shahzad ne bhi mujhe reply nhe kiya.
k ahmed k. ğŸ˜¢",2,0,1,0,0
 kisi ko neend aae na ae.. dar ko aaj sukoon ki neend aani hai.. barcelona jo jeet gai hai.. ğŸ‘ğŸ‘ğŸ‘,1,3,0,0,0
" aaj sabhi srkians #weekendkavaarwithsalman khulle aam dekhenge...chupke chupke nahi. ok? :p 
#srkianssalmaniacstogether",1,1,1,0,0
yar aaj tou parha hi nahi ab shuru karna parhe ga..ğŸ˜©,2,0,1,0,0
  famous to pehle se he bht thy aap...aaj or ho gaye :p,1,1,1,0,0
 u sound like amma :d aaj weekend hay waisay sou jaongi after half n hour,1,1,1,0,0
"sakun ki need ayegi aaj! jeet ka maza he aur hai 
#ggmu",1,0,0,0,0
 kash ki aaj m apke sath hoti but me itni lucky ni hu miss u so much,2,0,0,0,0
kisi ko neend aae na ae.. dar ko aaj sukoon ki neend aani hai.. barcelona jo jeet gai hai.. ğŸ‘ğŸ‘ğŸ‘,1,3,0,0,0
"aaj #biggboss8 me salman ne khud bolkar confirm bhi kar diya :)
#srkianssalmaniacstogether",1,1,1,0,0
 we do. we do. but dekha tune aaj kya kar gaye messi ! if only i could kiss his feet today,1,0,0,0,0
"   kab kiya tune aaj ğŸ˜ª , pahli baar kar raha",2,0,0,1,0
 #mum #letsfootball aaj to definitely jeetege....ğŸ˜‰ğŸ˜‰ğŸ˜‰,1,3,0,0,0
 #mum #letsfootball faaad dooo aaj...ğŸ˜‰,1,1,0,0,0
 aaj to legend suna ja raha he!,1,0,0,0,0
   haha lol :d  lgta hay mein aaj kisi #shahzadian ka heart fail kra k chhorron gi. :p lol,1,2,2,0,3
meri ek new gf bni aaj,1,0,0,0,0
" goodnight with sm more ....es chand , hoon main aapk paas lekin meri khud ki neend toh aaj gayi .",1,0,0,0,0
 pta ni aaj mobile kesay bach gya ğŸ˜¢  dil tor diya,2,0,1,0,0
 aaj maine sab ko phir se sunaya. bahot maar padi :d,1,1,1,0,0
  don't knw y... aaj kyun itana yaad aa rahe ho... n i can't stop myself frm makng dis ğŸ˜’ğŸ˜” #taarey http://t.â€¦,2,0,3,0,0
 aap ny tl py topic dekha aaj kia chal raha ... :'d,1,0,0,0,0
   hahahahahah piers k ghar walo ki kher nahi aaj  ,1,0,0,0,1
 khairaat bhi aaj kal khairaat me nahi milti.. uske badle bhi log dua ki umeed rakhte hain  :),1,1,1,0,0
" plz chand ,aap apna khayal rakhiye baby n so jayiye ,meri neend toh poori tarah gul hai aaj .",1,0,0,0,0
   tay phir ki hoya ? :d  asal din tou aaj hay trend krny ka :d tou mein tou aaj he karun gi :d,1,3,3,0,0
i'm still tryna figure out what sonali was wearin. woh bhi aise jagah mein. ğŸ˜• #bb8,2,0,1,0,0
" sonali applied for a bus pass from upen's house to gautam's houseğŸ˜‘

ana jana badh jayega na abğŸ˜‘
ek jagah tikegi kaha madamğŸ˜‘",2,0,3,0,0
 fatima khan ki jagah naak waali khaan naam rakh lo na.. ğŸ˜ğŸ˜ğŸ˜,1,3,0,0,0
 ja rakha hu idhar bhi. taste to har jagah same hi rehta hai.. bas logon ke khane ka tarika alag hota hai har jagah ğŸ˜‚,1,1,0,0,0
 love u papa ji.itna love u jitni jagah main aapka noor samya hai,1,0,0,0,0
" plz chand, dnt say again k u are alone coz har ek pal har jagah hoon main aapke saath aapke paas . ",1,0,1,0,1
 ohh sorry ğŸ˜„ har jagah happy birthday karan patel  likh rahi thi.to galti se ho gayağŸ˜„ ,1,2,0,0,0
"  dushmani or pyar soch k nahi hoti.
so u r dushman now. soch to aap low jis jagah poz mar k khade ho =p",1,0,0,0,0
    bc kitni jagah yehi post copy paste ki hui dikhegi ab aur.?!!,2,0,0,0,0
"happy birthday karan patel
 
""40 degree temp h aur mujhe challis jagah se paseena aa raha h aur tumhe weather ki padi hai?!""ğŸ˜‚",1,1,0,0,0
 hahahaha tum toh har jagah se phanse hue ho :p,1,1,1,0,1
haaan mazza ayega waise mei apni jagah se bor ho chuka hu ,1,0,0,0,0
 ha... tu bhi aa ja .. achi jagah haiğŸ˜‚ ğŸ˜‚ğŸ˜‚ğŸ˜‚,1,4,0,0,0
  madharchoooooood sale  kejriwall jisdin samne aaya na mere sale ko aisi jagah pr aisa dard dunga ki kursi dekhkar hi bhagega ..,2,0,0,0,0
" lo ab nautanki chalu..aisa lag rha h, aankho se anso ki jagah paraathe k saath wali hari chutney nikal rahi hğŸ˜Š ",1,1,0,0,0
 kaisa he be chutiye....harr jagah ghusne ma he tereko ...khaya naaa sona se gaali..hahahahaabha,2,0,0,0,1
"parade bhi german sena kare bharatiya sena ki jagah to 4 chand lag jayenge. hitler to aap maante hi hain kisi ko. germindia.""",1,0,0,0,0
 chhodo yar. dono fan bases mei aise gadhe hai. will ignore such people. aur nafrat ke liye jagah nahi hai :),1,1,1,0,0
"mere maheboob kya tumhe hai kabar,har jagah tumko dhundti hai nazar
dekh ke tumko jita marta hu,har ghadi tumko yaad krta hu..",1,0,0,0,0
"deewana aashqon ki akhri jagah pagal khana to hoti h.
4rm:6-6 goli wala baba",1,0,0,0,0
" see, my love for afridi. har jagah wohi nazar aata hai.",1,0,0,0,0
 gaaliyan to khani padegi kyonki  k anusar rday pe indian sena ki jagah german parade kare to issue nahi hona chaiye.,2,0,0,0,0
"my srkian sister followed salmankhan now...  :p
sab jagah pyar he ğŸ˜â˜ºâ˜ºâ˜º
#5millionshanatics",1,5,1,0,0
"ek ladki thi deewani si ..... she ended up in mental hospital :p
har jagah pyar mohobbat ka masla nahi hota !! be practical :p",1,2,2,0,0
" #wewantharshikaback hosh na khabar hai yeh harshika ka asar hai,.,. zaya ko dekh ke baad dilbar.. dilbar dilbar",1,0,0,0,0
 hmm!! maybe i'm favouring imran cuz kam ki sad ending ke baad i wanted him to have a happy ending in a show :p :p,1,2,2,0,0
pasha ka hath uthni kay baad bacha nashai hogaya #irejectpti,2,0,0,0,0
"rawalpindi: daish ka wajood arab mumalik main hai pakistan main nahi, pti 30 november kay baad muzakrat ki maiz par aaye, chaudhary nisar:",2,0,0,0,0
 thori baqwas k baad,2,0,0,0,0
 nae phadday k baad baat hi nh karti.,2,0,0,0,0
"tmhare baad guzre ge bhala kaise hmare din??!
novemeber se bachy ge toh december maar dalega!",2,0,0,0,0
"  hahahaha koi baat nai hota hai hota hai, haarne k baad mein apse yehi expect kar sakta hu :d",1,1,1,0,1
 wow raat ko net bht mast chalta hai ab raat ko 1 bje ke baad hi aaungi ol bhooto ki tarah:),1,1,1,0,0
i feel like a fever is coming &amp; my body aches baadğŸ˜­ğŸ˜©,2,0,2,0,0
meri pechan pakistan.................pakistan pakistan.....pak fouj zinda baad.,1,0,0,0,0
 dekh bhai . mujhe ye dosti bohot pasand hai .. ! tujhe nai hai .. mat kar .. comment pass mat kar . kuch accha ho rha â€¦,1,0,0,0,0
" shadi se pehle - you complete me
shadi ke baad- let me complete first",1,0,0,0,0
" i have no idea, ye din gande hai. :/",2,0,1,0,0
 job bro.. engg k baad lyf sucks buddy..dnt go fr job..aur padho    â€¦,2,0,0,0,0
 ik k baad dosra dukh nikal leta ha  ,1,0,0,0,0
 hahah soch lo baad mein pachtaogay,1,0,0,0,1
 id love to do that so baad,1,0,0,0,0
"tujhy hi dho0ndti the'n bus...
tere baad to mar gai aankhain...:|",2,0,0,0,0
na baad ka dekhenge.na pehle ka sochenge.bas ek ek din jiyenge.aur kya pata aise hi saari zindagi kat jayegi.#happyending #sweetshortmovie,1,0,0,0,0
he still baee it just i feel like we on baad terms â¤ğŸ‘ŒğŸ˜‰,1,3,0,0,0
" haha.. yeah! and i was like ""ok... he dint abuse me"" :d and baad mein pyar se tweeted.. ""i blocked you now carry on"" lol",1,1,1,0,2
 haaan souti rahi mein. haha. mood ko kia hua?,2,0,0,0,1
 lgta hy us din kuch chupany wala tha jo chupa dia hua hy ab .. :p hmmmmmmmmmmm,1,1,1,0,0
" hai zindagi to hai khuda ki, khuda se hi khuda k liye 
zindagi walo ko ye ilm tab hua, jab zindagi unki so gayii..! 

#deâ€¦",2,0,0,0,0
" shabash bhtt achii bachii hein ap..
ye qmobile b apka hua..ğŸ˜‰ğŸ˜‰",1,2,0,0,0
" loved singing this one :) 
""kyun hua khafa"" a beautiful melody composed by arjuna harjai  https://t.co/lrgj2slpyi http://â€¦",1,1,3,0,0
""": #tera deedar hua, pehla sa pyar hua.
pehli hi baar hua iss dil ko.
#gud ni8 #magician..  """,1,0,1,0,0
 tunne kandhe pe sir chukaya.. mehrbaan hua,1,0,0,0,0
 ohhh sahii ab meri itni umer ni ke school jao uni sey nikala hua va hunğŸ˜­,2,0,1,0,0
meherbaan hua huaaa rab meherbaan hua rab,1,0,0,0,0
". i think app makah se pak ho kar a rahin hain. acha hua app ne bedroom politics chorde heh,",1,0,0,0,0
   ye log khusi se khala re ha ...ye hakumat ki trhaa ni  ha k awam k lota hua mal khaye...,1,0,0,0,0
ye a b c kia scene lagya hua ha,2,0,0,0,0
"  is doran koi naya project to door, kisi mohallr galli nukar pe b koi kam ni hua janab #sargodha #shameonpmln (2/2)",2,0,0,0,0
 waise pura pakistan daikha hua hy :(,2,0,1,0,0
"urdta hua taara hoon
ooncha sa ik nara hoon
#gujranwalastandswithik 
#internationalprideik ",1,0,1,0,0
" 2 days holiday for mullayum's birthday ,sickuliars silent. manhoos paida hua toh 2 din barbaad    ...",2,0,0,0,0
"allah ka dia hua sab kch he !!!!!!!!!!
nus aik awwww karne wali chahiye :p

#arsalan",1,1,1,0,0
" merabaan hua hua.. mehrabaan hua..mehrabaan hua rab!
  #vrimar iv itne khushi :') 
 thâ€¦",1,0,0,0,0
u got awsome name aapke naam ka id ka mean ab maloom hua.apke tweets justifies ur name ,1,0,0,0,0
" okay, thanks. ğŸ‘ acha hua apne batadiya.warna hame pata hi nahi chalta ğŸ˜…ğŸ˜‹",1,3,0,0,0
" okay, thanks ğŸ‘ acha hua apna batadiya... ğŸ˜‹",1,2,0,0,0
 hahaha aisay hee hota hai :p chalo atleast mera attitude wala ghalat impression khatam to hua :p,1,2,2,0,1
 hahaha gaana hai :p toh kind of shair he hua :p,1,2,2,0,1
 amazingly mere sath be aisa he hua hai ess sal ...shaid asli dost ki pechan hou gai hai,1,0,0,0,0
"  

sale harami kaha ki ghatiya link deya hai.. pata nhi 2 3 browser install ho gae lkn song nhi hua download",2,0,0,0,0
aray twitter band nhe hua social pckage abhe nhe chal ra hai :(,2,0,1,0,0
 #wewantharshikaback in a few days colors will sing to me - jo bheji thi baddua.. trps per assar hua  ğŸ˜‚ğŸ˜‚ğŸ˜‚ğŸ˜‚ğŸ˜‚ğŸ˜‚,1,6,0,0,0
" hahahahha
chapraasi apni duty nibha raha hay,,,
taanga party mein kab sawaar hua,
pta he ni chala.....

:-d

:-p â€¦",1,2,3,0,1
 hahahaha jee :p kia hua avi ko?,1,1,1,0,1
aankh uthi muhabbat ne angrai li dil ka sauda hua chandni raat mein.,1,0,0,0,0
"kitab-e-zindgi ka aik or baab khatm hua
 shabab khatm hua azab khatm hua :(",2,0,1,0,0
 ha toh kya hua phir se dekh liya humne.....thanx ğŸ˜˜,1,1,0,0,0
   iska dil tuta hua hain arpita ki saadi ho gai babwa lol ha ha ha ha ha ha,1,0,0,0,1
 are to kya hua ..thanks for sharing ..v hv skipped ..but u again brought back it in front of our eyes ..:),1,1,1,0,0
 bachu koi spam hua na toh pta chale ga ğŸ˜‚,1,1,0,0,0
 hehe.  waise.. ye aaj kyu start hua outrage? news to bahut purani hai,2,0,0,0,1
 #football : sab ekk ball ke peeche bhag rahe hain..! garibon ka khel #bhenchoo..! kya interesting hai..? stupid game,2,0,0,0,0
" #tumsayachakaunhai~4
tum aaoge to phoolon ki barsaat karenge.!
mausam ke fariston se meri baat hogai hai.! â€¦",1,0,1,0,0
" katrina ka pachtava hota hoga...  galti kiya usne..  abhi usko babaji ka thullu milega
#srkianssalmaniacstogether",2,0,0,0,0
  ha ha ha..... slapped by obama !! epic !! fir obama ko guldasta bhi milega !,1,0,0,0,0
" ff ---&gt;  ""ghar baithey fastest cars dekhney ka moqa mil jayega""

follow kar lo, aisa moqa bar bar nahi mâ€¦",1,0,0,0,0
"_rozana kalma parhne se eman taza rehta he
la-ilaha-ilallah-muhammadur-rasul-allah

jis ko bhi snd kroge wo lazmi parhega or sawab milega.",1,0,0,0,0
  canal dwara kam se rojgaar b milega or sath hi bhavisya me kisano k liy pani..,1,0,0,0,0
" mere life main maile mere maa ko nahi dekha hai... pls uncle aap mujhe just ""aashirwad"" kahinge toh mujhe sansar ke khusi milega",1,0,0,0,1
 aagar aap mujhe just 'aashirwad' kahinge toh mera life main bhagwan ka aashirwad milega pls uncle..,1,0,0,0,1
" nahi to.

direct mention milega to reply karu na?

notifications bahut hi jyada haiğŸ˜ğŸ˜¯",2,0,0,2,0
  sid ki shaadi ho jayegi or tujhe baba ji ka thullu milega,2,0,0,0,0
"bhai , isl khel le aa ke. goals marne milega yaha.",1,0,0,0,0
    haters go to hell,2,0,0,0,0
 raat abhi jawan hai mere dost. milega? town town bolke khud bandra mein chala gaya. ,1,0,0,0,0
 zaroor milega. after nazeem khan aap hi honge jo salmaniacs ka jalwa dikhane wale b'wood me,1,0,0,0,0
 sir aapka aashirwad chahiye tki m apne hr km aasani s kr sku aapka aashirwad milega to acha lagega,1,0,0,0,0
 #aaj reply nhin milega....ğŸ˜­ğŸ˜­ğŸ˜­ğŸ˜­,2,0,4,0,0
 nahi milega mujh jaisa tujhe chahne waala ; jaa tujhe ijaazat hai saari duniya aazma le ;'),1,0,0,0,0
 ek bhi problem nahi milega #wewantharshikaback ,2,0,0,0,0
thenga milega hum sabko #wewantharshikaback,2,0,0,0,0
  ebola ka ilaj to ho hi jayega is jhuthhbola ka ilaj to nahin milega!!,2,0,0,0,0
  sik ka bhi faayda milega is movie ko &amp; if music strikes then movie will roar at bo! waiting for baby trailer,1,0,0,0,0
"sujawal:
psf zilly sadar rabdino jat jesa sacha woker, leader, dost ppp ko nae milega,
rabdino jat party ka sarmaya hai
#amarjumani",2,0,0,0,0
" sir ji,  kamal ho gaya, hot news. ham kisi se kam nahi. ache din aa chuke hai. ab bahut kuch acha dekhne ko milega. jai hind.",1,0,0,0,0
" kab tak ladoge??
aur ladke kya milega!??",1,0,0,0,0
"pune rickshaw walas are better than mumbai walas. they never say no.
ask ""bhayia mg road chaloge ?""
answer milega ""swargate jana hai ?",2,0,0,0,0
 bwahahaha...milega milega kisi aamir fan ko dhoondo,1,0,0,0,1
"    pta ni ladai karke kya milega yaar
jab ak sallu dost hai toh hum kyu lade",1,0,0,0,0
   hum beg karte rahenge par milega baba ji ka thullu :(,2,0,1,0,0
 namaste sir. bengali film piku me apko dekhne milega.ham bohut khus hu. ,1,0,1,0,0
 mohabbat kee raah par hamesha dard milega,2,0,0,0,0
" roz roz modi gungaan din bhar news me chalta hai,modi america se kya laya kisi ne pucha?,pak ko kab sabak milega",2,0,0,0,0
" 
tulsi aur adrakh ka soup pijie . aaram milega :)",1,1,1,0,0
"*""""aashiqui se milega aae zaahid""""*
+
+
*""""bandagi se khuda nahi milta""""*
+
follow 


#ownr
#zoya_khan",2,0,0,0,0
"qismat pehle hi likhi ja chukki hy to dua karne se kya milega?

best ans:
kiya pata qismat mai likha ho k jo milega ""dua se hi milega""

ali",1,0,0,0,0
 manusmriti ko vastav me samajhne k liye main kisi dalit writer k version ko padhunga to kewal buraiyaan/ negatives hi milega,2,0,0,0,0
 finland gaya hai toh nokia ke factory outlet se phone khareed. discount milega :p,1,1,1,0,0
" haan. matlab humara mutual na ho. ğŸ˜ğŸ˜ƒ hum usko bolengy k hum uskey dur k cousins hen, us se puchengy k tm kahan gyb hogaey thayğŸ˜ƒ",1,3,0,0,0
 hahaha is baat ka kiya matlab ?,1,0,0,0,1
"sirf sunday ko off hota ha college..
matlab k bhae zulam ki aik inteha hoti ha ;_;",2,0,0,0,0
" 

hmm dil mei mail hai iska matlab ğŸ˜",1,1,0,0,0
 matlab mei apko kaise join krou means how will i help u ?????,1,0,0,0,0
tl ne paro bana diya matlab ğŸ˜‚ğŸ˜‚,1,2,0,0,0
main naraaz hota hon lekin is ka matlab yeh nahi k tum ko chor diya aur tum aazaad ho aisa nahi hai waqti sub husband aur wife lartay ha ...,1,0,0,0,0
 matlab kuch ho nahi raha yehi masla hai.,1,0,0,0,0
" yaar aap bohat he confident hain :p  matlab. ok

(jbtw, shughal, dont get annoyed) wese ho bhi jayen to sabu ki xd",1,1,1,0,1
"  

kia matlab maaf krdo?? :o me ne kuch nahii kiaa dunia waloo..ye ilzam hai muj pe judge saheb",2,0,0,0,0
"teacher
tumhare abbu kia kam krte hen 

bacha:
ups company k malik hen

teachr: nice

acha ye ups ka kia matlab he

bacha
usman pakora shop",1,0,0,0,0
 thanks bae :p mera matlab bhai :d,1,2,2,0,0
   kia matlab hai apka? ap se koi zabardasti thori keh rha hai live ur own life :),1,1,1,0,0
" darling , aise doston ko pehli fursat mein laat maro . dost woh jo bina matlab apko sikhaye aur masti mein g**d bhi mare",2,0,0,0,0
   matlab phir main bhoka mr jaon ? ğŸ˜’ tum yh chahty ho ?,2,0,1,0,0
 waisii hi kuch hai ye matlab ki dosti...,2,0,0,0,0
first away win at emirates. bc matlab end hi hou gaya ğŸ˜‚ğŸ˜‚ğŸ˜‚ğŸ˜‚,1,4,0,0,0
 haha kia matlab? btw ye to kal hi aya hai abhi,1,0,0,0,1
 fuck matlab.,2,0,0,0,0
 jo dosti matlab ki hai woh dosti kahan hui chittey ??,2,0,0,0,0
" matlab nahi bholay :'d
haan haan yahi kahogy ab tou masoom banjaao",1,0,0,0,0
  matlab phir main inkaar he samjhon ? ğŸ˜’,2,0,1,0,0
"ye mufc ka matlab mother fucker hai kya ? :p 
#footballignorant #afcvmufc",2,1,1,0,0
"ye kon ae bhai???
isay le jao yahan se.. alien ae????
isay matlab kew nahi pta hotay? :/",2,0,1,0,0
 jeetne se matlab hai ya on target shot se?,2,0,0,0,0
 inni achchhi angrejji mein likha hai. jaroor koi gehra matlab hoga. ,1,0,0,0,0
" dekho tou kitne zayada hain xp nai dekha, kal se behtar hai waise!",1,0,0,0,0
 manal se pocho. wohi zayada khoobsurat hai. :p,1,1,1,0,0
 jamaati #cobra se zayada zehreela janwar hai !!!  #shameonji #banji #hangthem,2,0,0,0,0
 hahahahahahaha tmharey liye hamesha busy rehna hai or zayada mat choro ğŸ˜‚ğŸ˜‚ğŸ˜‚,1,3,0,0,1
 keya khobsorat banda hain 50age k uper b aaj k jawano se zayada handsam mashaallah allah lambi aur achi zindage dy,1,0,0,0,0
i want to say something serious ......behenchod goa ki fanny ek peg se zayada na peena varna 3 din takk smell  nahi jayegi .....:/,2,0,1,0,0
 ye log wazarat bachany keley kuch zayada he bol jata hain ab insan k rago main khon janwar isley to ganja wehshi janwar bangaya,2,0,0,0,0
lagta hai sofia wala tweet zayada hi pasand aa gaya logon ko xp,1,0,0,0,0
 yaar diya aur baati me ye teeno criminal kam aur joker zayada lagti hai. thoda to standard rakho yaar ,2,0,0,0,0
 .    aap ki zayada bisti nahi karain gy. tweet karain msg na karain . ta kay awam ko bi pata chaley. aao maydan ich cha cha ji.,2,0,0,0,0
" apny naam subtweets dekh k dil tot jata hai, itny zayada ali k naam sy subtweets but sab koi aur ali hoty :(",2,0,1,0,0
 hahahahahah kuch zayada hi tez hai ğŸ˜‚ğŸ˜‚,1,2,0,0,1
" punjabi waheyat nai karakht zuban h,ya dunya main sb say zayada bolny waly language main 8th number pr h.",1,0,0,0,0
" haha,possible usko bht zayada pasand ain houn...",1,0,0,0,1
 mashallah kuch zayada der nhi hei hii keep take ur time ....,1,0,0,0,0
 unfollow me if you are still defending her ..dimag nai lagana mujhe zayada aab .. aur gyaan pelne mat aana samjha detaâ€¦,2,0,0,0,0
  to acha hi gai.mazdoor ki ujrat zayada honi chaiy ye stupid question hai apka,2,0,0,0,0
sharjeel memon ne kaha hai larkana me corner meeting thee per loug yo #karachi zardari ke jalsa se bhi zayada thy phir wo kon c meeting thee,2,0,0,0,0
"dear mom ... apni bahoo select kartay waqt unko bta daina  se zayada kisi se payar nai isko...
#gujranwalastandswithik",1,0,0,0,0
" absar alam jesa 2 taka k log imran ko challange kerta hain, tumhari okat aik gutter k worm sa zayada nhi hai. #gujranwalastanâ€¦",2,0,0,0,0
   nawaz family is se kahi zayada paki awam ka pese urati hai. he dont even hav guts to show his assets,2,0,0,0,0
 ye ab zayada hu gaye ğŸ˜·:d,1,1,1,1,0
" i thought you were kuch zayada wala angry
but i don't mind
cuz tujhse angry no way",1,0,0,0,0
 zayada khush mat ho mazakh tha ğŸ˜‚ ,1,1,0,0,0
"menay tumhai dekhaa..
tum pehlay say zayada payari ho gae o &lt;3",1,0,0,0,0
  lmao ye zayada ho gaya .. even may srkians wont tweets . ego #srkianssalmaniacstogether,2,0,0,0,0
" virgo se zayada he :p
virgo selfish h0tay hain :p ;)",1,3,3,0,0
 ahmad kya aap bhi excited ho apni bday k liye ?? hum shahzadians tu bht zayada exited hain â¤ï¸â¤ï¸,1,2,0,0,0
    hello krurika tu kuch zayada nai karrahi hai muje kisi ko certificate nai deyna,2,0,0,0,0
 aur aap ki besharami ki b koi hud nahi 100 din say zayada pti aur ik ko support kar rahay ho mulak dushmani ki inteha kardi,2,0,0,0,0
" bijli ka bill zayada ae tu dukh hota hai, lekin neighbors ka bill apny sy zayada ae tu sun kr skoon milta hai ğŸ˜œâ˜º",1,2,0,0,0
"good morning mere shero :-) , how is everybody , it's been long since i said hello, sab ko bahut zayada pyar :-) have a super day khush raho",1,2,2,0,0
     k baad hi ik nay react kiya tha agar yad ho tu iss op ka dukh sabsay zayada ik ko tha,2,0,0,0,0
"   young death always hard to digest,wo b iss trh ki jis main laparwahi ka dakhal zayada ho",2,0,0,0,0
 bageerah se zayada hairaan or pereshan insaan aj tuk maine nahi daikha...,2,0,0,0,0
" mujhy ya bataoo yaha sub ya qus subsay zayada q kartay hy 
k kse hoo subhaa say jawab day kar tang agee hoo",2,0,0,0,0
"ek pakora kiya zayada kha lo, pait pregnant aurat jesa ho jata hai..

kya bakwas hai!!",2,0,0,0,0
"toot jayengay agar rishtay, koi bat nahi
nasha doulat mey zayada hai mohhaabbat se kahi.",2,0,0,0,0
 o esa kya wese zayada door nhi ap miss hina ... bole to apoun bhai log ki nagrii mein hi dubai ğŸ˜‰,1,1,0,0,0
": lambay qad wali larki zayada sex nahe kr skti jtna chotay qad wali larki sex krti hai dr; veena malik ky free totkay""",2,0,0,0,0
"talash usko mat kro jo duniya mein sb se zayada khobsurat ho...
.
blke talash usko kro jo apki duniya khobsurat bna dy. .",1,0,0,0,0
"  jab se bacha tha larkana m hoa aik jalsa miss nahi kia, itne zayada log nahi dekhe",1,0,0,0,0
 bageerah se zayada hairaan or pereshan insaan aj tuk maine nahi daikha.....!!!! :d,2,1,1,0,0
" shehbazsharif ne rs.120k fee zayada kr k, rs40k ka laptop de diya.aur pmln chutiye aisi khush ho rhe ha jaise ss ne infinityâ€¦",2,0,0,0,0
  dekho gauhar #bb7 ki winner #rocking ko #shocking kar dala haha kisne kaha itna attitude dikhao,2,0,0,0,1
  nhi yr ajkal itna mja nhi aa rha #bb dekhne ka,2,0,0,0,0
 ly bhai tu karachi ka ho kar itna dukhi ho raha tha... new user hy shyed isi liay ,1,0,0,0,0
" hahhaha nahi :p meray pass itna time nahi ke tmhari bisti krn :p 
#achasorry :p",1,3,3,0,1
bas aj k liay itna kafi hqi ğŸ˜€,1,1,0,0,0
 banda farigh ho ... per itna na ho -_-,2,0,1,0,0
" pita ji aap hamari itni care karte ho, itni care karte ho
itna care to koi maa apne bache ka bhi nahi karti  pita ji thanks",1,0,0,0,0
 bhai khud ko itna negative mat lo :p ,1,1,1,0,0
 mujhy aj tak smjh nhi aya sb mujh itna kaise jantay hain :p,1,1,1,0,0
 hahahaha calm down calm down koi baat nai chalta hai itna dil pr kio le rahay hain? :p chill krain,1,1,1,0,1
"lagta mujh ko sab sahi
itna tou hai khud pe yaqeen

#gujranwalastandswithik 
#internationalprideik 
#larkanaforpti ",1,0,1,0,0
 oh bhains itna tight match! hard luck. kal kay liye best of luck!!,1,0,0,0,0
"itna gurur na kar aye bewafa apni jeet par.

teri jeet se jayda charche to meri haar ke hain.",1,0,0,0,0
 wa wa wa to is mn itna sochny ki kia baat hai ...:-p,1,1,1,0,0
itna maza kyun aarha hai tu ne hawa mein bhang milaya,1,0,0,0,0
" itna confusing tweet, duvidha mein daal dia ki cid se pradyuman bhi ake yeh solve nahi kar payega ğŸ™ˆğŸ™ˆ",1,0,0,2,0
 hahahahaha ye bhi sahi hai bt itna time to hota hee hai yaar :p,1,1,1,0,1
"""__dard itÃ±a tha zÂ¡Ã±dagÂ¡ meÂ¡Ã‘ dharkaÃ± sath deÃ±e se ghaÃŸra gayÂ¡__""
""__ÃŸaÃ±d thÂ¡ aÃ±kheÂ¡Ã‘ kÂ¡sÂ¡ kÂ¡ yaad meÂ¡Ã‘
mout aaÂ¡   r   dhoka kha gayÂ¡",2,0,0,0,0
 #wewantharshikaback to ktd - mere baare mein itna math soch na .. dil mein aathi hoon... varna laath maarthi hoon  ğŸ˜‚  ğŸ˜‚  ğŸ˜‚ â€¦,1,3,0,0,0
 itna serious mazaq bhi theek nahi na hahaha  ,1,0,0,0,1
",
phr rat ho rhi hai phr yad arhy ho 
hoi kya khata jo itna sta rhe ho
lagai hai ye q judai ki aag tmny
khud b jal rhe ho
muje b jala rhe ho",2,0,0,0,0
"har din
har raat tanhai m guzar jaty he gham ki chadar orh kar
/s/
kia humara gunah itna Ã¡ara he k koi hamain yaad tak nahi karta",2,0,0,0,0
    tau a.astaghfirullah. itna jhoot,2,0,0,0,0
" phir shuru ho gaya bey tum? there are two questions
a)itna samay kaha se laatey ho?
b)itne paise kaha se laate ho?",2,0,0,0,0
 main tax number tuje q du who r u tera leader itna imandaar hota to aaj log u thar main na marte koi help ki hoti unki,2,0,0,0,0
 hahaha wahi tu khair ha yaar itna down feel na karo life enjoy karo aisay depressing tweets karogay tu acha feel kaisay hoga,1,0,0,0,1
 khuwari? itna asaan eh! mene gcse k exams 1 month me prep kr k dye aur a's n b's aye ayn mere,1,0,0,0,0
 cool yar. phr itna parh likh kr tooter salabrety ban'ny ka khayal kaisy aya apko? xd,1,0,0,0,0
" bas itna happy nuff ha, aur  pagal ho jaogi ğŸ˜‚",1,1,0,0,0
 dil aakhir itna rota hai kyon ki tu daaru piye bina hi sota hai.,2,0,0,0,0
koi itna amir nahi hota ki wo apna past kharid sakeaurkoi itna garib nhi hota ki wo apna future na badal sake.. ğŸ˜•ğŸ˜•,2,0,2,0,0
" "" us ne pucha itna pyar q krte ho mujh se ,,
""  meny kaha kabi kisi ne apni  zindagi se b nafrat ki hai kia",2,0,0,0,0
itna chutiyapa kaha se lete ho .?,2,0,0,0,0
  satta main aane k liye itna nahi girna chahiye sir jee,2,0,0,0,0
"  keya majority beh gandu?? feku ko itna adds karne ke bawajud 69% vtrs ne reject kiya, i mean thenga diya,â€¦",2,0,0,0,0
" itna kamzor hua teri judai se...
itna kamzor hua teri judai se....
.
.

ke ab to ""machar"" bhi khich le jate hai charpai â€¦",2,0,0,0,0
" hey lets share this to all akkians hater
jal toh rahe hai itna trend dekh ke aur jalao inko waiting for baby trailer http://â€¦",2,0,1,0,0
 itna sb ho rha he srkar kyo aankh kan band kiye he pta nhi?,2,0,0,0,0
"  vasundhra ji supream court to dega fair judgement itna to trst h hme 
pr apne or apki hindu wadi bjp ne â€¦",1,0,0,0,0
 chalo itna insist kar rahe ho to maan leta hu. :),1,1,1,0,0
""":   ahaha !! burhan itna ""bura"" bhi nahi hai"" see the name says all 
naam hi kafi hy :p",1,1,1,0,1
"aagaya owaisi ka pilla/dishwasher rt "":  tu bada bhouk raha hai award tou tuje dena chahiye ... :p""",2,1,1,0,0
"     it's already bada shanu :-p 
maula salamat rakhen mashallah",1,1,1,0,0
"bijli, ke dam kar diye kum.
yeh hain ak, inmein hai bada dum.
ab bjp ke dil mein hai gum.
dengein 5 sal kejriwal is baar hum. #mufflerman",1,0,0,0,0
   bada tough competition hai...jo jita wo sabse bada wala.....:),1,1,1,0,0
  wah ab samaj aa raha hai? last year to bada unfair unfair kar rhi thi,2,0,0,0,0
  tee this 1 rofl.jhingalala ye toh bada toing haiiii,1,0,0,0,0
"zindagi udashone ka naam nahi
dost sirf paas hone ka naam nahi
agar tum dur rehkar bhi hamein yad karo
is se bada hamare liye koi inaam nahi",1,0,0,0,0
 chalu nahi hai bhalayi ki supply lagta hai.,1,0,0,0,0
" pakistani dunya ki azeem tareen bahadur qaum hai, qaum ne deshat gardi ki laanat ka bahaduri se muqabla kia: #coas rahâ€¦",1,0,0,0,0
muhabbat barsa dey na tu sawan aya hai,1,0,0,0,0
 am more then u but neend to neend hai apne time pe he ayegi ğŸ˜ u can sleep ğŸ˜¬,2,1,1,0,0
   ğŸ˜‚ğŸ˜‚yeh tu marny marny ki baat hai,1,2,0,0,0
" #tumsayachakaunhai~3
main aur usko bhul jaun kaisi baate
karte ho
surat to phir surat hai wah naam bhi pyara lagta he httpâ€¦",1,0,0,0,0
 nai bhai..mera yaha koi dost nahi hai :(,2,0,1,0,0
allah zaror ik sb victory diyega q sach always jeet malti hai mere yaqeen hai,1,0,0,0,0
    theek hai maaf kia dnt repeat sane mistake ok ğŸ˜„,1,1,0,0,0
 achi bhi hai.,1,0,0,0,0
best neend car mein aati hai.,1,0,0,0,0
"
  dil behlany k liye guftugu krte hain loog hum se,,

maloom to mujhy bhi hai k hum kisi ko achay nahi lagte.",1,0,0,0,0
lrkyon se zyada garm silencer hota hai gari ka,2,0,0,0,0
  hainaa! gauahar khan nai sai salman khan hi kar le xp,1,0,0,0,0
"  
nÃ€i. imaandaar ho main.",1,0,0,0,0
 nai btao nah apna address plzz :p,1,1,1,0,1
  babu ne tameez nai sikhai? ja messi se sekhke aa punter!! blocked stfu,2,0,0,0,0
"  
main tou sindh board ki burai b nai karsakti kyun abba hai board main! xd",1,0,0,0,0
 hahahha bt still....unique shok hai....hr kisi ka ye shok nai hota,1,0,0,0,1
    nai tanna karish ki dosti itni kmjor ni jo gulati tudwa de,1,0,0,0,0
 pena nai shmjti   :p matbul drink kar k tun hoye rehty uf waly :p,1,2,2,0,0
 lolzzzz sure dekhtay hain phir ya app nai ya main nai bec  us nay to buch jana hay for sure,1,0,0,0,1
"bv: tussi mere naal pyar nai   krdy.

 punjabi ne 17 bachon ki taraf  ishara kiya aur bola:

 te ay fer main net to      download keety c :",1,0,0,0,0
"ab jb sonay ka time hai
to neend urh gai hai
kia ye khulla tazaad nai :/",2,0,1,0,0
   nai b**b b**b sekh raha ho.. :d,2,1,1,0,0
   hahahaha darme wali kahani . tweeter par nai sona sakta hahahahaha bas yehi samjhin maje hi maje. hahah,1,0,0,0,3
"he fuck on credit nai?  "": men r wicked""&lt;&lt; *human",2,0,0,0,0
  tum wesay ye kabee nai kersekti,2,0,0,0,0
  ya allah shair hi shair mujy kyun nai aataaağŸ˜‰ğŸ˜‰,2,2,0,0,0
 nai ham pathan hay ğŸ˜‚ğŸ˜‚,1,2,0,0,0
"tu jawan ay tera dosh nai 
mere tay ki beti tenu hosh nai..",1,0,0,0,0
  yeh ha aik gharib mulk ka ayesh pm jis ko awam key nai apnay karobar ket faker ha ,2,0,1,0,0
 hmm achi hai bt finals k liye abhi start nai ki maine :p,1,1,1,0,0
"...  agar hota kisi ke pass aisa dil to 
dil ki duniya jannt hoti 
badalte mausan me bi 
tapta viran registan nai",1,0,0,0,0
a-lite channel doing good reporting !! well done !!! it has cross media ownership with daily nai baat,1,0,0,0,0
  acha nhi mje to sun nai mai kisi maths k paper se zyada asan nhi lagti lol tme kese easy lagti hai,1,0,0,0,1
"  
aese loug botany parh b nai sakte.",2,0,0,0,0
  ok na karo bat maine b ab tum se bat nai krni phir roti rehna k boota bat nai krta .,2,0,0,0,0
" nai nai , kisi aur ne to nai krni , uski nature aise hai h nai na ğŸ˜ŠğŸ˜‹ shukarrr",1,2,0,0,0
"  
imran khan say tu rata b nai lagay ga lol",1,0,0,0,1
 uski begum hai na nazar wattooo..nai lage gi usko nazar :p,1,1,1,0,0
 ab bro bolny ki b khas lod nai thi...waisy keh do k u alreay have...dil he tor diya :(,2,0,1,0,0
  khairat he mang rha hai na.... mulk to nai loot rha jaisay tum logo nay lota hai,2,0,0,0,0
 hahaha mazdooro se kum nai lag rhaay hotay becharay :p,1,1,1,0,1
 ab to mai chup nai hunga beta :p,1,1,1,0,0
" tbhi to dekha mene ye khuwaab, nai to kahan se dekhta.",1,0,0,0,0
 good yaar work hard aagay yehi mehnat kaam aye gee ia :) nai kik wik nai krti use main,1,1,1,0,0
 rt karein agar aap ko lagta hai ki jack wilshere iss muqaable ka chutya hai.,2,0,0,0,0
" mein sirf bhaijaan keliye ye trend kaarunga.
bhaijaan ka agar kisike saath dushmani nahi to mera bhi nahi
 #srkianssalmanâ€¦",1,0,0,0,0
  tum apne dil ko tasalli de lo agar milti hei gillani ke kehne se.apni ankhein nahi hein apki?,2,0,0,0,0
 agar ye dono  nd  aise hi pyaar se rahenge to pura bollywood unke isaro par nachega #srkianssalmaniâ€¦,1,0,0,0,0
" dekho yar ladho mat.
agar salman ko prblm nahi hai. to hume q ? 

u following being human ? 

then think positive spread â€¦",1,0,0,0,0
" haq ek behtar zindaagi ka..
here's a link to my latest tv commercial
https://t.co/2kuszlemdp
hope u guys will like it..â€¦",1,0,1,0,0
" bhaiya life m koi saat dene vala nhi h isiliye ek umid s apko bolta hu,shayed kapil bhaiya life m thoda saat dede plz help me",2,0,0,0,1
" hazaar log hazaar batein sawaal ek
jawab tum",1,0,0,0,0
 clarkston is returning to ford field. the wolves beat ek 35-13 in a a division 1 semifinal game,1,0,0,0,0
i'm guessing right now that my mom is expressing her dismay at ek's puck possession skills. #justaguess,2,0,0,0,0
 allah swt ap ko her haal may zindagi k her pel may apni rehmat or fazal say nawazayğŸ™ life ka ek ek pel kushiyon say bhera ho,1,0,0,1,0
nightmare sequence from ek and boro there. bad pass thorough the middle by karlsson then boro giveaway trying to go backhand off glass,2,0,0,0,0
 ....sirf or sirf aapke liye hi  ho or kisi ke liye vo shabad ban ho  pita ji ek or bat taweet  ke liye shabado ki limit h..,1,0,0,0,0
~ ek wonder geen geurige parfuum (* â˜» - â˜» *) ,1,0,1,0,0
"  ek mukhtasar saa raaz hainâ€¦ 
#jiyaaâ€¦â€¦
koi dost dagaa baaz hainâ€¦ 

",2,0,0,0,0
 life ka one day match chal raha hai na jaisy :p yar mai ek hi dafa clean bowled honay par believe rakhti hun iykwim :d,1,2,2,0,0
how may times will ek turnover in this damn game??? grrrrrr,2,0,0,0,0
meri kal presentation hey jis ka me ne abi tk ek lafz b nhe perha :/,2,0,1,0,0
good game to my cousin  for kicking the crap out of ek today,2,0,0,0,0
ek  hi road ko baar baar banate hai.. waiting for baby trailer,2,0,0,0,0
"ajj pehli bar new karachi dekha.
waqai ek alag hi karachi lagta hai.ğŸ˜
#iykwim ğŸ˜‚ğŸ˜‚",1,3,0,0,0
" "": chakki fans ki islie jali padi h.. coz agr hum ek ho gae to .... smjh jao :d 
#srkianssalmaniacstogether â€¦",1,1,1,0,0
 #srk &amp; #salman dancing wo v ek sath.....yoyo #bigkhanreception ,1,0,1,0,0
  what a fud! the people of ek voted for this bawbag?,2,0,0,0,0
    ik ..ek bebak nidar honest clean leader hey aap khud jantey hen ,1,0,1,0,0
 awww.. nd me 2 blankets uper.. ek neechay!!!,1,0,0,0,0
ek lost today,2,0,0,0,0
" â€œwe led with our conviction rather than rational, because rational said it was impossible.â€ â€“ daniel ek, spotify",1,0,0,0,0
 mubark ho sb ek sath ho gaye....... â™¥â™¡â™¥â™¡â™¥â™¡â™¥ #srkianssalmaniacstogether ,1,4,1,0,0
"  abid sherali ko jawab dena aisy he jesy keechar me pathar marna
ye helicopter me bethy ya gadhey pr ek he bat ha",2,0,0,0,0
   dekho mne dekha h ek sapna phoolon k ghr mn ho ghr apna,1,0,0,0,0
 you're welcome! thanks for coming by and have a wonderful day! :) ^ek,1,1,1,0,0
  kahan ghayab thi'n saara dinn? :p  ,1,1,1,0,0
  saara you slut,2,0,0,0,0
 lefty sab ka jamaat hai ye saara economics school... rob the rich and distribute among the poor wale robinhood bante hain sab,2,0,0,0,0
 i missed the match suna hai chutiapa hee saara hai phir se ğŸ˜­ wenger bohot predictable hai ab,2,0,1,0,0
" 
yeh bhashan dene waala pm toh saara desh farokht kar dega.",2,0,0,0,0
"  waesey pakistan ka saara gand pti mn jama hochuka hai, aap ki shammoliat is mn char chaand lga degi..go ahead!",1,0,0,0,0
"kyoon tu achi lagti hai
â€waqt mila tu sochyngeâ€
tujh mein kiya kiya dekha hai
â€waqt mila to sochyngeâ€
saara shehr... ",1,0,1,0,0
" *""""mile koi bhi, tera zikr cheer dete hain""""*
+
+
*""""ke jese saara jahaan razdaar apna hai""""*
#urdupoetry
#ahmedfaraz",1,0,0,0,0
" bahut saara dhanyawaad sir,aapne yaad rakha mujhe. #grateful. aaj shaam jaa rahein pehli isl dekhne..",1,0,0,0,0
"tere deedar ki aas mein atay hain teri galiyon mein,     

        rana
   
warna saara shehar baaqi hai  awaargi k liye.",1,0,0,0,1
 saara kaam mei hi karloun? acha. um. awesomest person on planet earth? or queen? or perfection?,1,0,0,0,0
hastinapur ke samne banne wale pul ko bante bante 10 saal ho liye 2 saal ke kam ko pvt tekedar saara paisa kha gaye or kaam kuch nahi hua,2,0,0,0,0
" big brother parents se saara paisa le gaya ab unko dabaata hai insult kerta hai kahta hai koi paisa nahi diya
lie fraud itna k",2,0,0,0,0
 mere bhai bhabhi ne parents se meri ladai kerva saara paisa unse le liya uske baad mere parents ki insult kerte hai kahte hai,2,0,0,0,0
", aseem gurudev saara gyaan de rahe the.. and koi kasar ni chodi oman ke baatein bata ke jalane mei usne... ",2,0,0,0,0
 saara time kameene ali pe waste kar diya #bb8,2,0,0,0,0
book trailer-kaise chand lafzon men saara pyar likhun -   via ,1,0,1,0,0
 gud night papapa ji luv you comes my supnaaaaa vaddhaa saara,1,0,0,0,0
"saara din khajjal ho k ghr pohancho raat ko to pta chalta hai agay se teenday pakay huway hain...!
~
time to die...:/",2,0,1,0,0
  bht saara love to u toooğŸ’•ğŸ’•ğŸ’•ğŸ’•,1,4,0,0,0
"* tum hans do to...
saara aalam hans deta hai...
* tum ro do to...
har shay bheegi si lagti hai...
* tum rootho... ",1,0,1,0,0
"tere deedar ki aas mein atay hain teri galiyon mein,     

   warna saara shehar baaqi hai  awaargi k liye.""gd nt",1,0,0,0,1
"khud ko chuntay huway din saara guzar jaata h
phir hawa shaam ki chalti hai tu bikhar jaate h
#shair 
   ",2,0,0,0,0
"saara din facebook kay chaskay bhi leythay hain aur phir uss ka mazaak bhi uraathay hain..

sahi hai ye bhi",1,0,0,0,0
  aaapppkooooo bhiiii bhot bhot bhot saara pyaarğŸ˜‰ğŸ˜ğŸ˜˜ğŸ˜˜ğŸ˜˜ğŸ˜˜ğŸ˜˜ğŸ˜˜ğŸ˜˜ğŸ˜˜ğŸ˜˜ğŸ˜˜ğŸ˜˜ğŸ˜˜ğŸ’™ğŸ’™ğŸ’œğŸ’œğŸ’œğŸ’š?â¤â¤â¤  ,1,23,0,0,0
  muahhh party hard and dnt forget to have wafers and sandwich #sukhispecial ;) dher saara lauuuu &lt;3,1,1,1,0,0
""" muskura kar dekho to saara jahaan haseen hai,,,

     /jan/
   
warna bheegi aankhon se to aaina bhi dhundla nazar aata hai..
by: shan",1,0,0,0,0
"saare shikwe janab tere hai,

dil pe saare azaab tere hai,

tum yaad aao to nind nahi aati,

nind aaye to saare... ",1,0,1,0,0
 jitni dair m charging honi h utni dair m nind a jani h nağŸ˜‹,1,1,0,0,0
 never nind ğŸ˜‚ğŸ˜‚ğŸ˜‚ğŸ˜‚ğŸ˜‚ğŸ˜‚,1,6,0,0,0
#srkianssalmaniacstogether aaj raatko sukun dene waalii nind aayegii ğŸ˜,1,1,0,0,0
   net aaj jayada hi fast chal rha he to nind aane ka koi chans nhi,1,0,0,0,0
 ab jake acchi nind ayegii...  thank you sir... good night all.. take care and rest well..,1,0,0,0,0
nind to nahi ayi bt subah jaldi uthna hai.....so gud nyt guyz stay blessd n keep prayin fr #kapilian komal,1,0,0,0,0
"     

ashu ko dekhe bin nind nai aati h

#luvuhamesha",1,0,0,0,0
that awesome days jab bina hilaye nind aa jaya karti thi. #childhood,1,0,0,0,0
 nind....pagli :p,1,1,1,0,0
 sir aapko nind ni aati kyağŸ˜Š,1,1,0,0,0
         omg..nind uda di saari meriğŸ˜ğŸ˜,1,2,0,0,0
"iss najuk dil me kisi ki itni mohabbat he
.
aedosto
.
har raat jab tak aankh bheeg na jaaye,
nind nahi aati.",1,0,0,0,0
  sir ji ik baar hug kar dijiye.....chain ki nind soo jauga...,1,0,0,0,0
"us se ishq kya hua 
zalim nind se hi dushmani kar bethaa ankush",1,0,0,0,0
 stop yawning ğŸ˜ nind aati hai ğŸ˜´,1,1,0,1,0
"jab tak tu nhi soyegi tab tak mujhe bhi nind nhi aayegi...,
anyways good night.... senorita.",1,0,0,0,0
 jis ko nind aa rahi hai wo ja kar so jaye but mind ki ma bahen ek na kare #unglion28thnov,2,0,0,0,0
"hazaro khushiya kum hai tere ek gum ko bhulane
ke liye...
.
tera ek gum kafi hai muje zindagi bhar maut ki nind... ",2,0,1,0,0
 aisa kya! to phir aise songs sunte hi kyu ho jis sei nind aa jaye :p  waiting for baby trailer,1,1,1,0,0
"i know ke shanivar raati tujhe nind nhi aati..,
par abhi soja..kal sunday hai.._/\_",1,0,0,0,0
 shanivar ratri hame nind nhi ati ;-) &lt;3,1,1,1,0,0
"i can't explain more , nind nhi aayegi toh kr dunga :v 

#stalker",1,0,0,0,0
"  bada jaldi tujhe nind aa jati yar!
sone ki itni jaldi... :o 
kuch to baat hai :-p",1,1,1,0,0
  main jaagu tere bin tu kaise hai sojati :p shaanivaar rati mujhe nind nhi aati toishi ;) ,1,2,2,0,0
"yaad aate hai to zara kho lete hai,
;) 
aasu ankho me utar aayeto zara roo lete hai,
:'(
nind aakho me aate... ",2,1,3,0,0
"nind nahi aati apne gunaho k dar se ya rab. .
par sakoon se so jata hun ye soch kar k tera ek naam raheem bhi hai. .",2,0,0,0,0
tonight's gonna be good good night ..!!!!!! #shanivaar raati nind nai aati ..!!!!!!,1,0,0,0,0
 seriusly wehmi hai :p thora se b room ganda ho to nind nai ati usko :d adhi raat me safai horai hoti hmaray room ki :p,1,3,3,0,0
"    

ashu ko dekhe bin nind nai aati h

#luvuhamesha",1,0,0,0,0
" salo gujar gaye rokar ni dekha
ankho mein nind thi, sokar ni dkha
woh kya jane drd mohabbat ka,
jisn kisi ko kbhi khokrâ€¦",2,0,0,0,0
"soch rha hu, aaj nind ki goli khaa lu shayad nind aa jaye :( 

kyunki shaniwar rat ko hamko nind ni aati :d â€” feeling loved",1,1,2,0,0
"sapna vo nahi jo nind me aye
sapna vo hota he jise pura kiye bina nind na aye",1,0,0,0,0
"salo gujar gaye rokar ni dekha
ankho mein nind thi, sokar ni dkha
woh kya jane drd mohabbat ka,
jisn kisi ko kbhi khokr ni dkha ",2,0,0,0,0
"thanks for today nind dhes, take care yaa besok ke semarangnya, see you reallyâ€¦ (w/ anindya &amp; dheswara) [pic] â€” https://t.co/4cgmraxldb",1,0,1,0,0
jure jo tre khawab se to tute hum nind se ye kaisa tra ishq hai....sajnaaa...tu hatho me to h mre fr kyu ni... ,2,0,1,0,0
 mujhe nind na aaye mujhe chain na aaye koi cbi se bachaye #bhagmodonbhag     http:â€¦,2,0,0,0,0
      inki fat gai hain inke baap chodi ne inko full dhokha de diya hain,2,0,0,0,0
aabaad hoye ho jin insaano se..barbaad ho jaogay unhi insaano se..doge agar dhokha unhe..karoge agar gumraah unhe...,2,0,0,0,0
      modi ji tusti karn ki rajniti mai desh ke sath dhokha kyo kar rahe haâ€¦,2,0,0,0,0
    jab kaha dhokha to thoda apsy humy aitraz tha /mgr jab dekha aap mai khuda toh thoda intezar hâ€¦,2,0,0,0,0
  sab aapiye jhoothe hain..mullon ke saath milke dhokha de rahe desh ko  ,2,0,0,0,0
"khud se badh kar maine 
tujhpe tha bharosa kiya
zindagi tha tu mera
tune hi dhokha diya
pyaar mein mere rahi thi... ",2,0,1,0,0
"o esliye kehta ho,

tum lout jao ye rasta acha nhi,

sub dhokha hai koi sacha nhi,

suno tum apne ho, 
esliye kehta ho,

mohabat wafa nh ...",2,0,0,0,0
 breaking news: baap ne diya bete ko dhokha. babitaji aur babuji spotted. ,2,0,1,0,0
#chemistry.... dosto ek ladki ne dhokha diya..... ab methanol piyu ya fir ethanol.....,2,0,0,0,0
" pyaar karo toh dhokha mat dna
pyar ko aansu ka tohfa mt dna
dil se roye koi tumhe yad kar ke
aisa kabhi kisi ko moka mat dna",2,0,0,0,0
    . janlokpal layeenge. par 49 din me dilhi ko dhokha de kar bhah gsyabhagoda,2,0,0,0,0
  sahi baten to bahuto ne ki par dhokha dene ke liye kisi ke acharan me imandari ke prati  sankalp nahi dikha siway ak,2,0,0,0,0
"  woh to phir bhi actor hai bhen  to poori shatir nikli, anna ko dhokha modi ki tareef amitshah yessir!",1,0,0,0,0
ksur unka ni tha jo dhokha diya..!! aadt to hme thi dhokhe khane ki..!! hme pta tha dil ek din jrur tutega..!!... ,2,0,1,0,0
" 
hehehehe dhokha dhokha dhokha..:'-d 
yeh insaan old pic daal kr hamein dhokha de raha hai..:'-d 
lol",1,0,0,0,2
"asoor unka nahi jo dhokha dia unhone,
aadat to hame hi h dhokhe khane ki.
tutega dil ek din, jante the hum.
fir... ",2,0,1,0,0
"atleast salman is not double faced aamir , dil ka seedha hai par sabhi ne usko dhokha diya #srkianssalmaniacstogether",2,0,0,0,0
"chup rehna hi behatar hota hai jamane ke hisab se, 
aksar jyada bolne wale hi dhokha kha jaate hain.",2,0,0,0,0
" dhokha toh ye sara zamana hai,par fir bhi yaha hume kuch acha karke jana hai!!",1,0,0,0,0
  mae bhi mareez e mohabbat houn ğŸ˜ƒ dhokha khaya hua ğŸ˜‚,1,2,0,0,0
"dost dost to raha 
but pyar to ab dost bhi na raha
jise chahte the hum khud se bhi jada
wo hume aaj tak dhokha deta raha...:*
#pm",2,0,0,0,0
 maine har wo khushi tujhe di jo tu chahta tha tune kya diya mujhe sirf dhokha,2,0,0,0,0
 sab aapiye jhoothe hain..mullon ke saath milke dhokha de rahe desh ko  ,2,0,0,0,0
"modi g k naam pe vote lene ke baad jitna wada kiya 
 wo to chodo .. purani chizo me bhi kattoti kar dhokha ..",2,0,0,0,0
  where is anna...kia kbhi  anna jaggey gaa.aab  tuo anna ko  kiran  v k singh bhi chhodh gaey..dhokha dey gaey,2,0,0,0,0
"dekha hai humne bi ajma kr
de jate hai dhokha log karib akar
kahati hai duniya magar dil ni manta
kya ap bi bhool jaoge hume apna dost bnakr",2,0,0,0,0
humare1000 person me  saath bahut bada dhokha hua hai help me modiji 8058062035,2,0,0,0,0
"mulakat bhi kbi aansu de jati h...
nzren bhi kbi dhokha de jati h...
gujre hue lamho ko yad krke dekhiye...... ",2,0,1,0,0
kyun mohabbat ko log khuda ka darza dete hain.. !! maine aaj tak nahi suna khuda ne dhokha diya ho !!!!,2,0,0,0,0
  lolzz ye public ka dhokha hai,1,0,0,0,1
"aaj mere intezar ki jeet ho gayi
meri mohabbat ki charcha khule aam ho gayi
kabhi hum ko dhokha diya tha tumne... ",1,0,1,0,0
uttarakhand k haraamkhor raaj neta ne berojgaar diploma pharmaciston ko ek baar phir dhokha de diya hai..... ,2,0,1,0,0
"khwaabon ka jharokha
sach tha ya dhokha â¤",1,1,0,0,0
  jrur pita ji.....pitaji 45member ashok grover ne dhokha kiya ...iska hal kre pitaji,2,0,0,0,0
#samparkyatra #nitishkumar #purnea loksabhamp santoshkuswaha'bihar ki janta kah rahi hai ki dhokha ho gaya!bjp jhoothe vadon se vote le gayi,2,0,0,0,0
"koi na mila jispar dunia luta dete,
sab ne diya dhokha kis kis ko bhoola dete,
dil ka dard dil mai daba rakha... ",2,0,1,0,0
madam ye aam admi hi hai. hamere modi ji...aam admi ke nam pe dhokha app party de rahi hai,2,0,0,0,0
"kasooor kya thaa humaaraaaa ?????
na koi dhokha, na koi demand, sirf aur sirf pure dosti,
tan - man aur dhan har... ",1,0,1,0,0
faasla nazro ka dhokha bhi to ho sakta hai... wo mile na mile haath badhakar dekho.... jagjitsingh ji,1,0,0,0,0
why can't the #food at a #restaurant look the same way as it does in their brochures? is it bec life mein dhokha aam baat hai?,2,0,0,0,0
mene life me us ladki se mohhabat ki jo muje aaghe dhokha deghi muje yah bat pta thi bt mene socha ki pyar jo aashani se mile usme kaha mja,2,0,0,0,0
"*.""hum nazuk buhat hain pani 'k' bulbulay ki tarha,,,!!!

  &lt;&lt;&lt;dost&gt;&gt;&gt;

*.""zara sa thukra0 gy t0 dh0ndty reh ja0 gy,,,!!!",2,0,0,0,0
"  ek mukhtasar saa raaz hainâ€¦ 
#jiyaaâ€¦â€¦
koi dost dagaa baaz hainâ€¦ 

",2,0,0,0,0
   dost jo humari hai so proud of you aiza ğŸ‘ğŸ‘ğŸ‘,1,3,0,0,0
" then he sings "" dost dost na raha """,2,0,0,0,0
"dusary ki galti nikalnay ky liay bheja chai hia
par khud ki galti qabool karnay ky liay kaleja chai hai
dost :p :p :p",1,3,3,0,0
"  

bass..dost dost na rahaa :(",2,0,1,0,0
   awww mera dost ğŸ˜£ğŸ˜¯ğŸ˜§ğŸ˜¥ğŸ˜¦ğŸ˜±ğŸ˜²,2,0,6,1,0
"  wah bhai kya bat kahi,  kya ajamkhan ko gutka kaha raheho? naa gatak sakte naa ugal sakte? ",1,0,1,0,0
" *karachi kai maily*
maila: ary jao ry gutka lao.
me: bhai pehle pichkari maar phir bol :d",1,1,1,0,0
  sub kuch sahi tha bus gutka nhi batwaya,2,0,0,0,0
" #swachhbharat why not ban mps and mlas from eating pan, gutka and littering streets as an example for the people",1,0,0,0,0
 #merakyajaata mein aise hi paan aur gutka yahan wahan thookoonga kyonki #merakyajaata,2,0,0,0,0
  yaar woh gutka khata hai and mujhy gutka nae pasand xd,2,0,0,0,0
pure bharat se narendra modi ji ko deshi daru or gutka band kar dena cahiye pure bharat ki janta ki maga hai,2,0,0,0,0
"tv ads:1st humare toothpaste mai namak hai,2nd humare mai namak aur nimbu hai.  guy from up:kya kissi k paste mai gutka/khaini nhi hai?",2,0,0,0,0
"  

sir we have initiated a campaign wherein all our construction sites are now tobacco and gutka free.",1,0,0,0,0
" and ""bheir bakrian"" and ""gutka khanay wale"" and ""jahil"" too :p",1,1,1,0,0
 waisey kesar gutka bhi muh mein lekar paida hotey hai .jitna bhi sahi dikh raha ho banda masala muh mein bhara he hoga,2,0,0,0,0
";;

~*  kuch chutiye jo muh bhar bhar ka gutka khate haiin , gutka to aise khate hain jaise daal k sath churma... ",2,0,1,0,0
"gutka pan and tambakoo is deth reson { oral cancer } monh ka cencer,.......:  via ",1,0,1,0,0
" well priya ji aap punjabi gutka ko har din  pada karo, mng &amp; evening, that's best for u, will give u most power &amp; strength",1,0,0,0,0
"   i also take gutka,pls clap for me also",1,0,0,0,0
 ayii hafsaww bht gandi ho tum ğŸ˜„ banda zeher khale gutka na khaye yaakh.,1,1,0,0,0
" state govt should ban all type of gutka, masala, smoking products. this would be in the interest of nation &amp; people's health.",1,0,0,0,0
 mad about gutka #karachisitcoms,1,0,0,0,0
" #imagineaworldwithout 

gutka, chaliya and all such related shit.

'only if'",2,0,0,0,0
" respected sir, namaste! swatch bharat ke liye gutka bandh karwa dijye please. it is spoiling our nations hygene and health.",1,0,0,0,1
"#modi -we must keep our surrounding clean.
modibhakts- spits paan &amp; gutka on d wall &amp; chant modi! modi! #modiinaustralia",1,0,0,0,0
 how can bhonga khan expect support from us (sindhis) when you think we are illiterate people who eat and spit pan; gutka. #â€¦,2,0,0,0,0
" ek hi jeevan mein do dil ki 
pyaas bujha nahin payenge 
tujko phir paane ke liye 
hum aagle janam mein aayange 
good night",1,0,0,0,0
" 
pak ma 3 mheno main 97 bechay thar k bhook r pyaas say tarp tarp k mar gay but ki c ne b is mozo pay baat ni ki sway media k :(",1,0,1,0,0
hum kya bata sakenge kisi tishna lab ka haal...pyaso ki pyaas ...pyaas ke maaro se puchiye,2,0,0,0,0
"kitni jaldi yeh mulakat guzar jati hai,
pyaas bujhti nahin ki barsaat guzar jati hai.

apni yadon sey keho ki yun... ",2,0,1,0,0
"tu hi haqeeqath khwab tu ,
dariya tu hi pyaas tu â¤ï¸â¤ï¸    ",1,2,1,0,0
 congratulation jai hind college and entourage for pyaas. ,1,0,1,0,0
" pal pal dil ke paas tum rehti ho,jeevan meethi pyaas yeh kehti ho......... keep rocking sonalee :) :) : )",1,2,2,0,0
"sajdy  me  sar, galay  py khanjar, or  teen  din  ki  pyaas,,,

aisi  namaz  phir  na  hui  karbala  k  baad...",2,0,0,0,0
" kaisay kaise ho ye tashnagi...
k mujhay sadiyun ki pyaas hai...

(my own poetry hope u all will like it) thanks :-)",1,1,1,0,0
"kaash k tum mil jao aise jese pyase ko pani

k tujhe honton se laga kr saari pyaas bhojta",1,0,0,0,0
"teri ek chuwan se jaaga ye kaisa ehsaas...

pehle tou mehsoos howi na mujh ko aisi pyaas",1,0,0,0,0
 kursi ke pyaas ne dimagh khrab kar deya ha inka lagta ha !! #sotrue,2,0,0,0,0
" ji ,chaloon ab main bhi kuch kha loon coz shaam se bhook pyaas sab band thi meri chand , lekin ab i'm so happy .",1,0,0,0,0
"bin tere koi aas bhi na rahi
itne tarse ke pyaas bhi na rahi.....",2,0,0,0,0
   aao mitali apne didu k juice se apni pyaas bujhao ,2,0,1,0,0
" yeh bandhan toh pyaar ka bandhan janmo ka sangam hai....... ğŸ˜ƒğŸ‘ğŸ‘ ğŸ‘¬   together!!! â¤â¤
n #srkianssalmanâ€¦",1,5,0,1,0
main tumse pyaar karti hoon. india :)   . #arsmun #afcvmufc   ,1,1,1,0,0
"  
""hume ek bar hota hain pyaar yeh lakh bar kehen waale""

good night bhai :))",1,1,1,0,0
" ek be-charaa pyar ka maraa fass gayaa jaal me pyaar k liye â€¦â€¦deeldaar k liyeâ€¦â€¦â€¦
 yaaaaahuuuuuu",1,0,0,0,0
" ye bandhan toh pyaar ka bandhan hai xd
#srkianssalmaniacstogether",1,0,0,0,0
" jab koi tumko pyaar say bulaye gaa, tumko ek shaks yaad aaygaa",1,0,0,0,0
"ye bandhan toh pyaar ka bandhan hai xd
#srkianssalmaniacstogether",1,0,0,0,0
itna pyaar kisi pe pehli baar aaya hai,1,0,0,0,0
main tenu samajhawan ki na tere bin dil lagda je tu ki jaane pyaar mera main karoon intezaar tera tu dil tu yo jaan meri #wewantharshikaback,1,0,0,0,0
 throwback pic..pyaar ki yeh ek kahaani time's..panchi dobriyal..miss those timesâ˜ºâ˜ºâ˜º ,1,3,1,0,0
" lol har gaye to b no prob...
coz tum jeeto ya haaro sunooo hume tumse pyaar haiâ¤ï¸ 
#wewantharshikaback",1,1,0,0,1
"audi  ki car aur ladki ka pyaar bc dono hi mere naseeb me nahi :( 
 #deep #emo",2,0,1,0,0
 what a day at  pune..amit trivedi take a bow man! last bhajan was cult..aankhon ka hai dhoka aisa tera pyaar tera emotional â€¦,1,0,0,0,0
 hero!! ye bht mehnat aur pyaar se bnae hain! pljj in flowers pe to fav de den..aap ne naa dekhe to mehnat zaya ho jae gi :(,2,0,1,0,0
mai aap say pyaar karta hoo  :) #indonesianangelovemastukie,1,1,1,0,0
"smile..
it irritates your enemies..

dhaikho magar pyaar say :d",1,1,1,0,0
na usko pata.. na uski khata.. main uspe marr gayi zara usko bata.. uske hi pyaar me jhoome jiya re.. #fawadkhan #crazykiyare #fawadfever &lt;3,1,0,0,0,0
  pyaar ki qadar nai unko :p tum karti raho reply aa jaye ga ;d,1,1,1,0,0
 pyaar ki qadar nai unko :p tum karti raho reply aa jaye ga ;d,1,1,1,0,0
" yeh dil laya hai bahar
apno ka pyaar kya kehnağŸ‘§ğŸ‘§",1,0,0,2,0
aaj pehli baar kisi larki se sacha pyaar hogaya *___*,1,0,0,0,0
"
sheikh rasheed tuje na pak ke fiqar hai 
na he tu imran ka yaar hai 
tou lalchi hai tuje bus kursi say pyaar hai! ",2,0,0,0,0
 nahi aakhir itna pyaar kew krtay ho mujj se aisi kia khaas wja ae? :p,1,1,1,0,0
 tujhe dekjha toh yeh jana sanam ..pyaar hota hai dewaana sanam ..ab yaha se kaha jae hum??,1,0,0,0,0
"hero !! made these roses for !! ""black"" ur fav color n ""red"" mine !! pljjj have a look !! bht pyaar se bnaye hain ğŸ˜˜ ",1,1,1,0,0
 nhi pagal teacher hmare baap ki jga hota hai..but his name is zain osmaan and he is soo cute..and i'm his fav student haha,1,0,0,0,1
      inki fat gai hain inke baap chodi ne inko full dhokha de diya hain,2,0,0,0,0
      abhito bachche bhi tumhare chutiye baap modi ki maarne lage hai. lol,2,0,0,0,1
   tum log maa hi thokte rahiyo..kyunki tumhara baap modi ke jaisa napunsak hai..lol,2,0,0,0,1
  tera baap aik dictator ka kutta tha...jis ne fatma jinnah ki tazdeel ki.......baat karne se pehle such liya ker,2,0,0,0,0
 dikha di apni okaat baat karte karte galiyon per aa gaya bta diya tu ne k kis maan baap ki olaad hai tu,2,0,0,0,0
 meray baap .come be cool. and positive. still paki girls are better then the western girls. there are many nice girls. got it.,1,0,0,0,0
"  or wohi gand tumare baap ne wspis le liya #marvi memon, sh waqas akram , zahid hamid, ameer mukam etc...",2,0,0,0,0
  bijli tare baap mushraf aur zardari ne nai bannai ab 17 month main nai ban sakti jahil ke olad,2,0,0,0,0
 abay gittia baap ke olad tax chor kutte pher bak bak kuin karta.mera leader leader ha tare leader ke tara kutta nai,2,0,0,0,0
  yeh kya hai mir . koi sharam haya hai tujhay?  kay apna zameer baap ki tarah baich kâ€¦,2,0,1,0,0
 khusra  hoga tera baap  . chal bhaag gandu bhenchod.,2,0,0,0,0
 ye masjid iske baap ki nahin hai its final this is illegal,2,0,0,0,0
 haan.. mp ka ho ya mha ka ya south ka famous.. baap bhojpuriya hoga ğŸ˜‚ğŸ˜‚ â€œ:  bhojpuri baap hogeâ€¦,1,2,0,0,0
mai tab say gun chalaaa rha hun jb tu apnay maa kay pait may nahi... apnay baap kay passs.... thaaa... ,2,0,0,0,0
 muje lagta ha tum heera mandi main kasi kutte aur kuttia ke olad ho.tumra baap pig ha aur tum pig ke olad.u bitch,2,0,0,0,0
"  inka baap aisa nahin hai.. all this is to fund free houses, food &amp; unproductive psu's for votes",2,0,0,0,0
zardari meray baap ka qatil hai - fatima bhutto ,2,0,1,0,0
"twitter kisi k baap ka nahin hai.!
meri marzi jitne tweets kron rt krun.
krun ya na krun.!
mera problem nahi yee. :/",2,0,1,0,0
â€œ: jayan sinha is a baba log . baap ne desh ko duboya.beta bhi waat laga dega india ki #taxâ€ rt  ,2,0,0,0,0
 baap re.. ğŸ‘ ğŸ‘ ğŸ‘ great tweeting. . ^_^,1,4,1,0,0
 laanat tumharee baap pe aur tumharee gundee chachee pe.,2,0,0,0,0
 buzdil khan teb se pagal ho choka h jeb se ppp ki govt na us k baap osaama ko kuty ki maot mara h,2,0,0,0,0
"kuch logo ko baap banany ki bahut burii adat hotii hai :/

well done but you could have done better :/",2,0,2,0,0
" jawan bete ki mayyat aur baap ki thaki himmat
kabhi mayyat yahan rakh di kabhi mayyat wahan rakh di
#aliakbar

â€¦",2,0,0,0,0
"benazir k qaatil karachi shehar mein mojood hein #bilawal
ye beta zaroor baap ko tangwa dega",2,0,0,0,1
" mein bhi bahut statistics dekha, stats ke hisab se to msd sab ka baap hein :d",1,1,1,0,0
  mujhse to bhag raha hain jake baccho aur ladkiyo ko tag kar ke galiya deta rehta hain isko ab jaake iska baap mila,2,0,0,0,0
  hahaha han ye meri he behen hai :'d,1,0,0,0,1
 beta is men toh itni dair hogai hai k meri behen jo kaahilon ki sardaar hai wo sharma jae :p,1,1,1,0,0
" girfriend kuch time ke baad behen ban he jaati hai, phir koi nayi girfriend. roflmao epic  #aish #kat #bâ€¦",1,0,0,0,0
 haha... behen nahi rahi na ab yahan :d,1,1,1,0,1
baby trailer waala koi behen ka lund naa dikh jaaye tl par. gaand me goli maar di jaaegi,1,0,0,0,0
"  

o bass karjaa behen..pora bollywood daalnay ka irada hai kia muj pe :d",1,1,1,0,0
 miss you sooo much sweety behen ğŸ˜™,1,0,0,1,0
"  

thek hai bai..dono behen bhai lage hoe hain baton me..hm to kuch lagte e nai :/ 
bye bye.. :(",2,0,2,0,0
 .. sunna chutiya cow is ur mother i have it's milk everyday not only me..but i hope u also.behen..chod dheka tha,2,0,0,0,0
 kon sa hai behen ka lund bhinderwala ka loda?,2,0,0,0,0
 maa ka bhosda bhinderwala ki. behen ka bhosda uska,2,0,0,0,0
 bhai ki poori duniya behen honi chaahiye na. lol,1,0,0,0,1
 ğŸ˜‚ğŸ˜‚ğŸ˜‚ jaane do in sabko. chalo behen tweetiya kare.,1,3,0,0,0
"fucking ref...
asshole...
clear onside...
behen ke laude bc mc...",2,0,0,0,0
 aao behen mil k tl pe ganga jamuna bahaayein.ğŸ˜­ğŸ˜­ğŸ˜­ğŸ˜­,2,0,4,0,0
  meri randi behen aisha apny mera mast loda choos ke mere pani ke maze le rahi hai ,2,0,1,0,0
  hahaha toh agr meri behen hoti toh followback nhi hota :p,1,1,1,0,1
 bass behen. ghuroor sey duur rehta hoon. warna aap jaisey logon sey baat kerta? ğŸ˜‚,1,1,0,0,0
 myri chhoti raand behen bhai ky dost se chudwa rahi hy ,2,0,1,0,0
 myri raand behen waiter ka mast lund choos rai hy ,2,0,1,0,0
" nhi ,,,, tum zyada ! 

tum toh itne pyare ho ki koi bhi larki tumhari ............. behen ban jaye ğŸ˜œğŸ˜œ",1,2,0,0,0
i dont support any party but #irejectpti because they will abuse your maa behen if you dont agree with them. #changethename #nayapakistan,2,0,0,0,0
 so gobar ki behen is out..yayy #bb8,2,0,0,0,0
 choti behen ne kya thappar maarna hai? :p,1,1,1,0,0
 lyk maamu lyk bhanja!!! supper cool!!!ğŸ‘ŒğŸ‘ŒğŸ‘Œ,1,3,0,0,0
 mama bhanja naughty but love both,1,0,0,0,0
""": gn all me with my naughty one .... ""aww shoo cuttee..cutest mama bhanja ever
love u rockstar stay happy",1,0,1,0,0
" ho jayega, bhanja will always be happy... btw howz he???",1,0,0,0,0
" pakistan maen ik mulk ko badnam ker reha hae aor pakistan bahir bhanja 
yae khandani ghadar haen #ikdestroyingpak http://â€¦",2,0,1,0,0
mera cute bhanja :-* ,1,0,1,0,0
newborn twinkle twinkle little bhanja :-) :-) :-) ,1,3,4,0,0
 mera bhanja :),1,1,1,0,0
my sweet bhanja ,1,0,1,0,0
   shame: the language abid sheir ali bhanja jo bolta hay kitni ba izzat ha;zaban sanbhalo abid sheir ali phir na kehna,2,0,0,0,0
 bhae pleas mera bhanja behrha googa ap behria town as us k elaj karwa do 03217709400,2,0,0,0,1
  ka bhanja peeta hai ghanja,2,0,0,0,0
"  
bohat hi nasli begharet ha  khuda ki kasam is ko koi peon na rakhe agar ye #ns ka bhanja na ho.bc",2,0,0,0,0
"as it turns out, puneet issar is the real shakuni in the #biggboss8 house and his stupid 'bhanja' is gautam gulati ... #bb8",2,0,0,0,0
  puneet is shakuni and gautam his dumb bhanja duryodhan ..,2,0,0,0,0
my swt bhanja ,1,0,1,0,0
 #lovrubse#papa g mn bahut udas rhta h g kb hoga g what i want ...papa g ap ji apni beti ke liye kroge jrur i know ....lve u,1,0,0,0,0
"  

barakah mere mamu ki beti ka naam :p",1,1,1,0,0
"hats off to salman bhai 

arpita khan salman khan ki real sister nhi hain vo ek bagger(bhikari) ki beti thi unki... ",1,0,1,0,0
"""tu me pakles de quoaaaa""ğŸ˜‚ğŸ˜‚ğŸ˜‚ğŸ˜‚ğŸ˜‚ son accent lÃ  une pure beti",1,5,0,0,0
"tu don ki nahin,
donkey ki beti hay ğŸ˜‚ğŸ˜‚",1,2,0,0,0
  2 ? chal bhaag yahanse.. meri beti itni faaltu nae hogi ğŸ˜’ğŸ˜’ ,2,0,2,0,0
 shano sab se dheet hai akhir rasheeda ki hi beti hai ğŸ˜‚ next week kahin fayyaz mar na jaye ğŸ˜’,2,1,1,0,0
"  abhi tak gussa ho kya tum donon mujhse? unblock kardo, main ne kya kya hai? batao toh sahi :(",1,0,1,0,0
"   

han na :p pata hai muje :p chokidari b sahi se ni karti.twitter pe lagi rehti :p",1,3,3,0,0
 sahi bat itni sakht urdu boli to sans hi cherh gya :p,1,1,1,0,0
    aap sahi salamat ho ..aur atleast aap ko kuch naahi hua . woh chahta toh dosti gaanth ke aap ko bhi baahut kuch,1,0,0,0,0
"  

duri sahi jai na hahahha lol..",1,0,0,0,2
" lagta mujh ko sab sahi
itna tou hai khud pe yaqeen

#gujranwalastandswithik 
#internationalprideik 
#larkanaforpti http://t.coâ€¦",1,0,1,0,0
" okay, jo hukum. so let me start with you next time ;) sahi hai na? :p",1,2,2,0,0
   hahaha sahi hy koe msla nh :p kal mjhy b kisi ahmad shahzad nay follow kiya tou mjhy jhatka lga :d,1,2,2,0,1
 han han mujhe to pata hai.  :p sahi wali busy rehti ho bat hi nahi hoti tmsy.  #sadlife,1,1,1,0,0
" sahi kaha. par u r bc!!
bc= bahoot cuteğŸ˜ğŸ˜ğŸ˜‹ğŸ˜‹",1,4,0,0,0
  hooria bilkul sahi kaha. daughters are always great.,1,0,0,0,0
maza aa gia sahi ka..ğŸ˜€,1,1,0,0,0
  papaji mere bhai ko kb acha keroge uski report  sahi bhejna please aap hi rehmat ker sakte ho ji aashirvaad do papa ji,1,0,0,0,1
"  

sahi hai bai..jao dm me dono :(",1,0,1,0,0
 chalo sahi hai phir. :),1,1,1,0,0
 sahi be. i am yet to reach 1k i guess! ğŸ˜…,1,1,0,0,0
" haa sahi kaha. it was boring, ali was too much! n very less of salman.",2,0,0,0,0
 dm sahi ni chalta mera windows phone se ;__;,1,0,0,0,0
  aap sahi boli m with u.,1,0,0,0,0
" it ws sch a coincidence tat phool aur kaante released in 1991 &amp; ur bb in tkd also comes on d same day, wch v cannot forget. adb:)",1,1,1,0,0
 haha waise yeh batain koi aaisa hai jo kahe usne pondi na ki  shair ne jub aurat ko phool kha hai to in becharon ka kya dosh,1,0,0,0,1
 haha ma to phool phaink raha ho ye dheet lagta ha teray koğŸ˜‚,1,1,0,0,1
"many many happy returns of the day...
wish u a very very happy birthday shweta...

phool khilte rahein zindgi ki... ",1,0,1,0,0
"jack wilshere is a phool,....arsenal is a goddamn club.......wenger is gonna die!",2,0,0,0,0
"uska hus kar nazar jhuka lena.. saari shartein kabool ho jaise....
uski baatein toh phool ho jaise.. #jagjitsingh",1,0,0,0,0
"hanss k chall doon kaanch k tukroon par,
      
     silant hamza

agar tum kaho yeh mery bichhaaye huay phool hain,  :( :( :(",1,0,3,0,0
"  nxm sies marn you're a phool, say thank you ğŸ˜’",1,0,1,0,0
 ek din aap yun hum ko mil jayengey..phool hi phool rahon me khil jayenge..ğŸ˜ğŸ’• #wewantharshikaback ,1,2,1,0,0
" why did the flower fall in love? 

because it was a phool ğŸŒ¹ ğŸ˜‚ğŸ˜‚

#brownjoke ğŸ˜‚",1,3,0,1,0
 array aap tou murghi ki tarhan phool gaay foran :'d,1,0,0,0,0
"  always love you my bibya, and aaj kaalu ki phool aur kaante ko 23 years hogeye xp so, main dunya se ab na dâ€¦",1,0,0,0,0
itna maza kyun aarha hai tu ne hawa mein bhang milaya,1,0,0,0,0
"hbd bhang (pornnisa techapamornkul) on 23/11/2014. wishing you all best, happiness, healthy and success.",1,0,0,0,0
 try bhang. lol,1,0,0,0,1
" ab tu bhang sey bhi ziada nashay wali neend ani hay, babloo ka tweet jo a gaya #happybirthdayahmadshahzad",1,0,0,0,0
" 
231k wala phr apni bhang bnata hga :d",1,1,1,0,0
 woah! mujhe nai pata tha ye....waisay bhang pee kr khuwab main 80k bhi nazar aa sktay hain :p,1,1,1,0,0
 butts babies boobies bongs bodacious blunts booyakasha  bhang boom! b is best enjoy with buds!,2,0,0,0,0
 62k bhang p k ni ho jatay :p,1,1,1,0,0
"adek siap nemenin bhang :* haha "": keluarga gw hari ini pada ke dubai kecuali gw.................its party timeğŸ‰ğŸ‰ğŸ‰ğŸ‰ğŸ‰""",1,0,0,5,1
" afsoos hamarai cm bhang peekai dhut hain 
kyon nahi woo thar mai rahtai hain or piyaas bardasht kartai hain",2,0,0,0,0
 the vibes on big bhang vol 1 are on some next level! would love to hear lak hile - gv on the mix tape!,1,0,0,0,0
 charas sharaab etc to buht common hai jee leas mai aur politicians mai. bhang ka to pata hi hoga apko ;),1,1,1,0,0
  hahahah subah ka breakfast vd bhang kachdaroo hahahah,1,0,0,0,2
 dekho aunty ye hoti h good governance lahoti baba ki bhang pee kar government mat chalao hahahah ,1,0,1,0,1
i liked a  video from   bhang ke nashe mein [full song] (hq) with lyrics - koyla,1,0,1,0,0
harami ney 17 grade ka afsar office ke bahir bithaya hua hey sirf bhang banane ke liye.,2,0,0,0,0
 i love how that  bhang in my car ğŸ‘ğŸ‘‚,1,1,0,1,0
" yaa aap s only political party meeting officialy bukhari who is not serving arrest warrant,aap ko bandh karo",2,0,0,0,0
"chehra khuli kitaab hai aisa kehnewale kehte hain
bandh palak mein pyaar ke sapne jhuke jhuke se rehte hain ;)",1,1,1,0,0
 sala shoelaces bandhne ko tayyar nahi hote aur earphones aapne aap bandh jaate hain.,2,0,0,0,0
 mainy apny dil ko bandh kr rakha hai chain se idhar udhar nai bhagta ğŸ˜‚,1,1,0,0,0
    suna hai klopp k halaat bhi tight hain and england bhi usay pasand hai...umeed laga sakta hoon main :p,1,1,1,0,0
   bilkul.mje last shair bohat pasand aya apka cmnt daikha to dobara khud ko rok ni paya.,1,0,0,0,0
 haha :d gud idea har kisi ki pasand hota phr to me  :p,1,2,2,0,1
  bilkul.mje last shair bohat pasand aya apka cmnt daikha to dobara khud ko rok ni paya.,1,0,0,0,0
" maloom hai bht hain but mujhe koi tameez ki chaye. 
joo meri amma ko pasand ajaye ;)",1,1,1,0,0
 whyyyyyy....jo pasand hai wo karo :),1,1,1,0,0
 ek londi pasand h tere bhai ko. kenya likha h uske bille pe. priyanka naam hai.,2,0,0,0,0
"apni pasand ka koi sheir sunaen...
weekend night poetic ho jaey gy 
:-)",1,1,1,0,0
  waisay  waisay aap ki selfies mujhey hameesha bauhat pasand aati hain great photographer u r,1,0,0,0,0
 kaya ap ko poetry pasand aye and trust me you have realy preety eyes,1,0,0,0,0
 dekh bhai . mujhe ye dosti bohot pasand hai .. ! tujhe nai hai .. mat kar .. comment pass mat kar . kuch accha ho rha â€¦,1,0,0,0,0
" mujhe bhi
she is a bit dumb but bohot cute hai 
but i like dimpy also
karishma utni pasand nahi hai lekin :p",1,1,1,0,0
 hahahaah so sweet! :p dekh bhai dekh i'm sure tumhe pasand aayega. :),1,2,2,0,1
" 
mjhe bhi nahi pasand 
do talli ğŸ˜œğŸ˜œ",1,2,0,0,0
  taklla pagal hogeya hai sabse cheep game play krrha hai ye ali kulli patanai ye bbfans ko pasand ha unbelievable,2,0,0,0,0
" , tere gaand to bahout pasand hai choot vi dikhao, , tere ko lund chaiye esa, booss se to maze vi ni aya ",2,0,1,0,0
" hahaha vo drama ha he aesa aga krna ka dil ae ni kra ga
just watch sherlock
hope pasand ae ga drama btw speeeeeeeeed! :p",1,1,1,0,1
 ğŸ˜  aap humein zara pasand nahi aye,2,0,1,0,0
 shayed kisi ko meri sakal pasand nahi...shayed koi bahut jyada nafrat karta hai mujse...,2,0,0,0,0
 apko as a gift ya birth day gift kiya cheez sab say ziyada pasand hay ?? i wanna #askahmad ;) :) :),1,3,3,0,0
" ladki wale : beta kya lena pasand karogey?
me : aunty thodi whisky with 2 cubes ice
ldki wale: 
ghae wale:
me: ohh bc :(",1,0,1,0,0
 haha manti ho na phir meri pasand ko? ğŸ˜‚,1,1,0,0,1
 apki pasand hai. ğŸ˜,1,1,0,0,0
 tujhe bahut pasand hai ğŸŒğŸŒ tu hi kha le  waiting for baby trailer,1,0,0,2,0
"hy punjabians ap k liye mera friend #zainu_nainu ek song likh raha ha i hope apko pasand aye ga :) 
song title ha... ",1,1,2,0,0
 happpy birthday my khaaan my mithu my shonu nd apko cake pasand aya??:*,1,0,0,0,0
   ho sakta hy allah ko ik pasand ho :) bula lay?,1,1,1,0,0
  ha nagin mujhse zehar chusna pasand hai mai neel kanth hoo,2,0,0,0,0
"aksar hota hai k thori der dekhne k baad admi pasand aaney lag jata hai
hum ne aapko ""pora 1 ghanta"" dekha ap humko phir bhi pasand nahi aye",2,0,0,0,0
"   149 characters kam padenge ğŸ˜‚ğŸ˜‚ğŸ˜‚ pagal,simple,hasna pasand h..aur logo haste dekhna bhi.aur kuch log caâ€¦",1,3,0,0,0
 hi salman.... whr r u ? n what u r doing now a days? dubai itna pasand aa gaya k aap hum salmanians ko bhul gaye! !! :(,1,0,1,0,0
  mat bolo aise muje wait karna pasand nahi kahoo jaldi aajaye vo lol,1,0,0,0,1
" meko sona b pasand h :(
kash koe na jay &gt;_&lt;",1,0,1,0,0
 football nahe pasand? plz die :d,1,1,1,0,1
"   kiyonke pagal da puttar hai sala , kud pasand khan ! sab se acha nazar ane ka shook pagal sala !",1,0,0,0,0
   hahahaha subhangi beta pandit hi pasand aaya ğŸ˜œ,1,1,0,0,1
  he he na na pandit ko pasand kerkee tandip nahi ban ni mujge ...:p,1,1,1,0,0
"larkiyon ko larke suche hi pasand hote hain ...
chahe wo khod inteha ki jhooti hon :d :p",1,2,2,0,1
uper wala insan aur niche wala insan dono aik hi ko pasand krte hai. love triangle wali situation hai,1,0,0,0,0
 corrupt system ka rona rone waale log mujhe pasand nahi...ungli uthao aur change lao  #unglion28thnov,1,0,0,0,0
harshu wahan kaun karega aapka care....plz call her whenever needed.lol #wewantharshikaback ,1,0,1,0,1
 yaar tujh pe toh har colour suit karega :d,1,1,1,0,0
   aayegi baba aayegi... aapki tamana aayegi.. bhagwan aapki yeh tamana ek din jarur puri karega,1,0,0,0,0
  dancer khan khud kitna chor hai ye waqt sabit karega filhal to chand hazar taporyon k kadhe par uchal raha hai,2,0,0,0,0
 upen bhi use karega aur laath maar ke bhaga dega.,2,0,0,0,0
" hahaha saaf bol na hillane going , kal sunday hai inni jaldi so ke kya karega :p",1,1,1,0,1
  arsenal ki arse ma nal fit karega balo.. #christmasmanayengelondonme,2,0,0,0,0
" ğŸ˜‚ğŸ˜‚ğŸ˜‚so jaa baby doll mom aa jayengi daant parhegi 
agar kp aayega to kisiko reply nahi karega likh ke lele ğŸ˜‰",1,4,0,0,0
    aise kaun karega?? apne boobs pe lund ragad raand.. ,2,0,1,0,0
"merit engagement ki news sun k tou koi sad songs sun k mjje yaad b nhe karega. ;_; 
ğŸ˜­ ğŸ˜­ 
#sadlife",2,0,2,0,0
new friendz welcome and add me in close awl jo b close ma add karega like and comment milega &lt;3 ;),1,1,1,0,0
 aur maine socha tu khud 8 ke pehle ungli karega aur plan banayega :p ,1,1,1,0,0
"   and then abuse our #mufflerman in front of camera.. vote k liye saala,kuch v karega",2,0,0,0,0
" "":  mujhe krke koi fayda v ni :p
 waiting for baby trailer"" karega kon ;p",1,2,2,0,0
   krk bhai maa 2 aarahi hai kutte ka role karega,2,0,0,0,0
""":  mujhe krke koi fayda v ni :p
 waiting for baby trailer"" karega kon ;p",1,2,2,0,0
"  kursi ka chatora bahut khatarnak hota hai.cm banane par 2000 ko mar dalta hai,pm banane par kitne khoon karega",2,0,0,0,0
 she knws a lot! more than 10 modis combined! gujrat ka nuksaan kiya ab desh ka karega!,2,0,0,0,0
  haan sindhi aisa karega na tu toh frre ki teri g bhi maar lenge log... :p,1,1,1,0,0
gonaa mute him. ğŸ˜” sabse baat karega bus mujhse prblm hai ğŸ˜’,2,0,2,0,0
 abe jha2 ...bak bak band karega ki joota khayega,2,0,0,0,0
: raat bhar koi trend karega mere saath? :p waiting for baby trailer,1,1,1,0,0
" 

ab tu jisse bhi baat karega usse bhai bulva dunga tujhe :v 

bhaijaan ke fans pe bhai suit hota h :p",1,1,1,0,0
  ğŸ˜‚ğŸ˜‚ nagin dance karega tu or bond goli maar dega tujhe naag smhajkar ğŸ”«ğŸ”«ğŸ˜ğŸ”ª  #pixschoolofbonding,1,3,0,3,0
plz like karo meri page and share bhi jo like karega usko frd req karungi promiss... ,1,0,1,0,0
" koi bewakoof he hoga bc

jo inti sardiyo mein apni gf se breakup karega..âœŠğŸ˜ğŸ˜ğŸ˜‚ğŸ˜‚",1,4,0,1,0
"koi bewakoof he hoga bc

jo inti sardiyo mein apni gf se breakup karega..âœŠğŸ˜ğŸ˜ğŸ˜‚ğŸ˜‚",1,4,0,1,0
 r tmhari taref tm  khd nai krta to koi r kya karega:d,1,1,1,0,0
" vote ke liye kuch bhi karega... : lol today in kishtwar, pm modiji used the words ""allah tala"" in his speech. goâ€¦",1,0,0,0,1
 ashish jha jaise halfline pe moon-walk karega ğŸ˜‚ (he actually did moon-walk in ajmer) ğŸ˜‚,1,2,0,0,0
  he will not answaer you. rather we shud know ek chamcha dusre chamche se hi baat karega.,2,0,0,0,0
 me too! they should get a taste of kraziness ğŸ˜‚ saare tweets parh ke toh karan bhi blush karega ğŸ˜‚,1,2,0,0,0
 bhakto ka sher ek dhongi rampal ko arrest nahi kar pa raha aur bhakts china-pakistan ko mitane ki khwahis rakhe hue hai!â€¦,2,0,0,0,0
"  you lifafa, kute dalay, tm awam k taxu pr palne wala kuta hai jo nawz tmare smne dal raha hai, harami",2,0,0,0,0
"    lol
ye janwar bhee soch raha ho ga kis ka name likh dya :)",1,1,1,0,1
 life ka one day match chal raha hai na jaisy :p yar mai ek hi dafa clean bowled honay par believe rakhti hun iykwim :d,1,2,2,0,0
   nai b**b b**b sekh raha ho.. :d,1,1,1,0,0
" "": evening guys look at my necklace... ""hehehe..jaan necklace to dikh hi ni raha",1,0,1,0,1
 kya chal raha  hai :d,1,1,1,0,0
"   

ji me to jaag raha hu :p",1,1,1,0,0
"aagaya owaisi ka pilla/dishwasher rt "":  tu bada bhouk raha hai award tou tuje dena chahiye ... :p""",1,1,1,0,0
 sub dikh raha hai jubhi tu bik raha hai :-p lolz,1,0,0,0,1
